movieId,prediction
3,1.0
4,1.0
6,1.0
7,1.0
10,1.0
11,1.0
14,1.0
16,1.0
17,1.0
21,1.0
22,1.0
23,1.0
24,1.0
25,1.0
26,1.0
27,1.0
28,1.0
29,1.0
30,1.0
31,1.0
32,1.0
34,1.0
36,1.0
39,1.0
40,1.0
41,1.0
42,1.0
43,1.0
44,1.0
45,1.0
46,1.0
47,1.0
48,1.0
49,1.0
50,1.0
52,1.0
53,1.0
55,1.0
57,1.0
58,1.0
61,1.0
62,1.0
63,1.0
64,1.0
66,1.0
68,1.0
70,1.0
72,1.0
73,1.0
74,1.0
75,1.0
76,1.0
77,1.0
78,1.0
79,1.0
80,1.0
81,1.0
82,1.0
83,1.0
85,1.0
86,1.0
92,1.0
93,1.0
94,1.0
95,1.0
96,1.0
97,1.0
99,1.0
100,1.0
101,1.0
103,1.0
105,1.0
106,1.0
108,1.0
111,1.0
113,1.0
116,1.0
117,1.0
118,1.0
121,1.0
122,1.0
123,1.0
128,1.0
129,1.0
132,1.0
137,1.0
140,1.0
147,1.0
148,1.0
149,1.0
150,1.0
151,1.0
152,1.0
154,1.0
155,1.0
156,1.0
159,1.0
160,1.0
161,1.0
162,1.0
164,1.0
165,1.0
166,1.0
168,1.0
169,1.0
171,1.0
172,1.0
175,1.0
177,1.0
178,1.0
179,1.0
180,1.0
184,1.0
185,1.0
186,1.0
188,1.0
190,1.0
191,1.0
193,1.0
194,1.0
195,1.0
196,1.0
199,1.0
201,1.0
202,1.0
205,1.0
206,1.0
207,1.0
208,1.0
209,1.0
210,1.0
211,1.0
212,1.0
213,1.0
214,1.0
215,1.0
217,1.0
218,1.0
219,1.0
220,1.0
222,1.0
224,1.0
225,1.0
229,1.0
230,1.0
232,1.0
233,1.0
235,1.0
237,1.0
239,1.0
240,1.0
241,1.0
242,1.0
246,1.0
247,1.0
249,1.0
252,1.0
253,1.0
254,1.0
257,1.0
259,1.0
261,1.0
262,1.0
263,1.0
265,1.0
266,1.0
269,1.0
270,1.0
271,1.0
272,1.0
273,1.0
276,1.0
277,1.0
279,1.0
280,1.0
281,1.0
282,1.0
283,1.0
284,1.0
285,1.0
287,1.0
288,1.0
289,1.0
290,1.0
291,1.0
292,1.0
293,1.0
294,1.0
295,1.0
296,1.0
298,1.0
299,1.0
300,1.0
301,1.0
302,1.0
304,1.0
306,1.0
307,1.0
308,1.0
311,1.0
313,1.0
314,1.0
315,1.0
316,1.0
317,1.0
319,1.0
320,1.0
321,1.0
322,1.0
324,1.0
326,1.0
327,1.0
328,1.0
329,1.0
330,1.0
331,1.0
332,1.0
334,1.0
335,1.0
336,1.0
337,1.0
338,1.0
339,1.0
340,1.0
341,1.0
343,1.0
345,1.0
346,1.0
347,1.0
349,1.0
350,1.0
351,1.0
352,1.0
353,1.0
354,1.0
356,1.0
357,1.0
358,1.0
359,1.0
361,1.0
363,1.0
364,1.0
365,1.0
366,1.0
367,1.0
369,1.0
371,1.0
372,1.0
373,1.0
378,1.0
379,1.0
381,1.0
382,1.0
383,1.0
384,1.0
385,1.0
386,1.0
388,1.0
389,1.0
390,1.0
391,1.0
393,1.0
406,1.0
407,1.0
408,1.0
409,1.0
412,1.0
416,1.0
417,1.0
418,1.0
421,1.0
422,1.0
424,1.0
425,1.0
426,1.0
427,1.0
428,1.0
430,1.0
431,1.0
434,1.0
436,1.0
438,1.0
440,1.0
442,1.0
444,1.0
446,1.0
448,1.0
450,1.0
451,1.0
452,1.0
453,1.0
454,1.0
455,1.0
456,1.0
457,1.0
458,1.0
461,1.0
468,1.0
469,1.0
472,1.0
475,1.0
476,1.0
477,1.0
478,1.0
479,1.0
480,1.0
481,1.0
482,1.0
485,1.0
488,1.0
490,1.0
491,1.0
493,1.0
494,1.0
495,1.0
496,1.0
497,1.0
499,1.0
500,1.0
501,1.0
504,1.0
506,1.0
507,1.0
508,1.0
509,1.0
510,1.0
512,1.0
513,1.0
515,1.0
516,1.0
521,1.0
523,1.0
524,1.0
526,1.0
527,1.0
528,1.0
529,1.0
531,1.0
532,1.0
533,1.0
534,1.0
535,1.0
536,1.0
537,1.0
538,1.0
539,1.0
540,1.0
541,1.0
542,1.0
543,1.0
544,1.0
546,1.0
547,1.0
549,1.0
550,1.0
551,1.0
555,1.0
556,1.0
558,1.0
562,1.0
563,1.0
567,1.0
568,1.0
569,1.0
573,1.0
574,1.0
577,1.0
579,1.0
580,1.0
581,1.0
583,1.0
587,1.0
590,1.0
592,1.0
593,1.0
594,1.0
596,1.0
597,1.0
600,1.0
602,1.0
605,1.0
606,1.0
608,1.0
610,1.0
611,1.0
613,1.0
615,1.0
616,1.0
617,1.0
618,1.0
627,1.0
628,1.0
632,1.0
635,1.0
636,1.0
639,1.0
640,1.0
645,1.0
647,1.0
648,1.0
649,1.0
650,1.0
653,1.0
662,1.0
665,1.0
668,1.0
670,1.0
673,1.0
674,1.0
678,1.0
679,1.0
680,1.0
685,1.0
688,1.0
691,1.0
692,1.0
694,1.0
695,1.0
697,1.0
698,1.0
703,1.0
704,1.0
706,1.0
707,1.0
708,1.0
714,1.0
715,1.0
722,1.0
724,1.0
726,1.0
731,1.0
733,1.0
735,1.0
737,1.0
741,1.0
742,1.0
748,1.0
757,1.0
759,1.0
760,1.0
761,1.0
762,1.0
764,1.0
765,1.0
766,1.0
773,1.0
775,1.0
778,1.0
779,1.0
780,1.0
781,1.0
782,1.0
783,1.0
786,1.0
790,1.0
791,1.0
795,1.0
798,1.0
800,1.0
802,1.0
803,1.0
804,1.0
805,1.0
806,1.0
809,1.0
823,1.0
824,1.0
832,1.0
835,1.0
836,1.0
838,1.0
841,1.0
848,1.0
849,1.0
851,1.0
852,1.0
858,1.0
866,1.0
867,1.0
869,1.0
875,1.0
879,1.0
880,1.0
882,1.0
885,1.0
886,1.0
889,1.0
891,1.0
892,1.0
893,1.0
896,1.0
898,1.0
899,1.0
902,1.0
903,1.0
904,1.0
905,1.0
906,1.0
907,1.0
909,1.0
910,1.0
912,1.0
913,1.0
914,1.0
915,1.0
916,1.0
917,1.0
918,1.0
920,1.0
922,1.0
923,1.0
924,1.0
926,1.0
928,1.0
929,1.0
932,1.0
936,1.0
937,1.0
938,1.0
942,1.0
943,1.0
944,1.0
945,1.0
946,1.0
947,1.0
948,1.0
949,1.0
950,1.0
951,1.0
953,1.0
954,1.0
955,1.0
956,1.0
959,1.0
961,1.0
963,1.0
965,1.0
968,1.0
970,1.0
971,1.0
973,1.0
979,1.0
981,1.0
982,1.0
984,1.0
987,1.0
988,1.0
990,1.0
991,1.0
993,1.0
994,1.0
996,1.0
998,1.0
999,1.0
1003,1.0
1006,1.0
1011,1.0
1012,1.0
1013,1.0
1014,1.0
1015,1.0
1019,1.0
1023,1.0
1024,1.0
1025,1.0
1027,1.0
1029,1.0
1033,1.0
1034,1.0
1037,1.0
1040,1.0
1041,1.0
1042,1.0
1043,1.0
1046,1.0
1047,1.0
1049,1.0
1050,1.0
1051,1.0
1053,1.0
1054,1.0
1055,1.0
1056,1.0
1057,1.0
1059,1.0
1060,1.0
1061,1.0
1064,1.0
1066,1.0
1068,1.0
1076,1.0
1079,1.0
1081,1.0
1082,1.0
1084,1.0
1085,1.0
1086,1.0
1088,1.0
1089,1.0
1090,1.0
1092,1.0
1093,1.0
1094,1.0
1095,1.0
1096,1.0
1097,1.0
1099,1.0
1100,1.0
1103,1.0
1104,1.0
1105,1.0
1111,1.0
1112,1.0
1114,1.0
1116,1.0
1117,1.0
1119,1.0
1120,1.0
1121,1.0
1123,1.0
1124,1.0
1125,1.0
1127,1.0
1128,1.0
1129,1.0
1130,1.0
1131,1.0
1132,1.0
1140,1.0
1144,1.0
1147,1.0
1148,1.0
1150,1.0
1151,1.0
1156,1.0
1161,1.0
1162,1.0
1163,1.0
1172,1.0
1173,1.0
1175,1.0
1176,1.0
1177,1.0
1178,1.0
1179,1.0
1183,1.0
1184,1.0
1185,1.0
1186,1.0
1187,1.0
1188,1.0
1189,1.0
1190,1.0
1191,1.0
1192,1.0
1193,1.0
1199,1.0
1201,1.0
1203,1.0
1204,1.0
1206,1.0
1207,1.0
1211,1.0
1212,1.0
1213,1.0
1214,1.0
1215,1.0
1217,1.0
1218,1.0
1219,1.0
1221,1.0
1222,1.0
1223,1.0
1224,1.0
1225,1.0
1226,1.0
1227,1.0
1228,1.0
1230,1.0
1231,1.0
1232,1.0
1234,1.0
1235,1.0
1236,1.0
1237,1.0
1242,1.0
1243,1.0
1244,1.0
1245,1.0
1246,1.0
1247,1.0
1248,1.0
1249,1.0
1250,1.0
1251,1.0
1252,1.0
1253,1.0
1254,1.0
1257,1.0
1258,1.0
1259,1.0
1260,1.0
1262,1.0
1263,1.0
1265,1.0
1266,1.0
1267,1.0
1268,1.0
1270,1.0
1271,1.0
1272,1.0
1273,1.0
1274,1.0
1275,1.0
1276,1.0
1277,1.0
1279,1.0
1280,1.0
1281,1.0
1282,1.0
1283,1.0
1284,1.0
1286,1.0
1287,1.0
1289,1.0
1290,1.0
1292,1.0
1293,1.0
1295,1.0
1296,1.0
1298,1.0
1299,1.0
1300,1.0
1301,1.0
1302,1.0
1303,1.0
1305,1.0
1306,1.0
1307,1.0
1310,1.0
1312,1.0
1318,1.0
1320,1.0
1322,1.0
1323,1.0
1324,1.0
1325,1.0
1326,1.0
1327,1.0
1328,1.0
1329,1.0
1330,1.0
1331,1.0
1332,1.0
1333,1.0
1334,1.0
1335,1.0
1336,1.0
1337,1.0
1340,1.0
1341,1.0
1342,1.0
1343,1.0
1344,1.0
1345,1.0
1346,1.0
1347,1.0
1348,1.0
1349,1.0
1350,1.0
1351,1.0
1352,1.0
1353,1.0
1354,1.0
1355,1.0
1356,1.0
1357,1.0
1358,1.0
1361,1.0
1363,1.0
1365,1.0
1366,1.0
1370,1.0
1372,1.0
1373,1.0
1374,1.0
1375,1.0
1376,1.0
1377,1.0
1380,1.0
1381,1.0
1385,1.0
1388,1.0
1391,1.0
1392,1.0
1393,1.0
1395,1.0
1396,1.0
1397,1.0
1399,1.0
1401,1.0
1405,1.0
1406,1.0
1409,1.0
1411,1.0
1412,1.0
1413,1.0
1415,1.0
1416,1.0
1417,1.0
1419,1.0
1422,1.0
1423,1.0
1426,1.0
1428,1.0
1429,1.0
1437,1.0
1441,1.0
1442,1.0
1446,1.0
1447,1.0
1453,1.0
1454,1.0
1457,1.0
1458,1.0
1459,1.0
1464,1.0
1466,1.0
1468,1.0
1473,1.0
1476,1.0
1480,1.0
1483,1.0
1484,1.0
1487,1.0
1488,1.0
1489,1.0
1495,1.0
1496,1.0
1498,1.0
1499,1.0
1502,1.0
1507,1.0
1515,1.0
1517,1.0
1519,1.0
1527,1.0
1529,1.0
1533,1.0
1537,1.0
1541,1.0
1542,1.0
1544,1.0
1545,1.0
1547,1.0
1549,1.0
1550,1.0
1551,1.0
1552,1.0
1554,1.0
1562,1.0
1564,1.0
1569,1.0
1571,1.0
1572,1.0
1573,1.0
1580,1.0
1583,1.0
1584,1.0
1587,1.0
1589,1.0
1590,1.0
1591,1.0
1593,1.0
1594,1.0
1596,1.0
1597,1.0
1598,1.0
1600,1.0
1601,1.0
1603,1.0
1606,1.0
1609,1.0
1610,1.0
1611,1.0
1613,1.0
1615,1.0
1617,1.0
1619,1.0
1620,1.0
1621,1.0
1623,1.0
1624,1.0
1625,1.0
1626,1.0
1627,1.0
1629,1.0
1633,1.0
1635,1.0
1639,1.0
1641,1.0
1642,1.0
1643,1.0
1644,1.0
1645,1.0
1647,1.0
1648,1.0
1649,1.0
1650,1.0
1652,1.0
1653,1.0
1654,1.0
1655,1.0
1656,1.0
1659,1.0
1660,1.0
1661,1.0
1662,1.0
1670,1.0
1671,1.0
1672,1.0
1673,1.0
1674,1.0
1675,1.0
1676,1.0
1677,1.0
1678,1.0
1680,1.0
1681,1.0
1682,1.0
1683,1.0
1684,1.0
1685,1.0
1686,1.0
1688,1.0
1689,1.0
1690,1.0
1693,1.0
1694,1.0
1695,1.0
1696,1.0
1699,1.0
1701,1.0
1704,1.0
1711,1.0
1718,1.0
1719,1.0
1721,1.0
1722,1.0
1727,1.0
1729,1.0
1730,1.0
1732,1.0
1733,1.0
1734,1.0
1735,1.0
1748,1.0
1752,1.0
1754,1.0
1755,1.0
1757,1.0
1759,1.0
1762,1.0
1767,1.0
1769,1.0
1771,1.0
1777,1.0
1779,1.0
1783,1.0
1784,1.0
1785,1.0
1791,1.0
1792,1.0
1794,1.0
1797,1.0
1798,1.0
1799,1.0
1801,1.0
1804,1.0
1805,1.0
1807,1.0
1809,1.0
1810,1.0
1812,1.0
1816,1.0
1821,1.0
1825,1.0
1829,1.0
1831,1.0
1833,1.0
1834,1.0
1835,1.0
1836,1.0
1840,1.0
1841,1.0
1844,1.0
1856,1.0
1859,1.0
1860,1.0
1862,1.0
1866,1.0
1867,1.0
1870,1.0
1873,1.0
1876,1.0
1882,1.0
1883,1.0
1884,1.0
1885,1.0
1888,1.0
1889,1.0
1891,1.0
1892,1.0
1893,1.0
1895,1.0
1897,1.0
1900,1.0
1902,1.0
1904,1.0
1906,1.0
1910,1.0
1912,1.0
1913,1.0
1914,1.0
1916,1.0
1920,1.0
1921,1.0
1922,1.0
1923,1.0
1924,1.0
1926,1.0
1928,1.0
1929,1.0
1931,1.0
1932,1.0
1933,1.0
1934,1.0
1936,1.0
1937,1.0
1938,1.0
1939,1.0
1940,1.0
1941,1.0
1942,1.0
1944,1.0
1945,1.0
1946,1.0
1947,1.0
1949,1.0
1950,1.0
1951,1.0
1952,1.0
1953,1.0
1954,1.0
1955,1.0
1956,1.0
1957,1.0
1958,1.0
1959,1.0
1960,1.0
1961,1.0
1962,1.0
1963,1.0
1964,1.0
1968,1.0
1969,1.0
1970,1.0
1971,1.0
1972,1.0
1973,1.0
1974,1.0
1975,1.0
1976,1.0
1977,1.0
1978,1.0
1979,1.0
1980,1.0
1981,1.0
1982,1.0
1983,1.0
1984,1.0
1985,1.0
1986,1.0
1987,1.0
1990,1.0
1991,1.0
1992,1.0
1994,1.0
1995,1.0
1996,1.0
1997,1.0
1998,1.0
1999,1.0
2000,1.0
2001,1.0
2002,1.0
2005,1.0
2008,1.0
2009,1.0
2010,1.0
2011,1.0
2012,1.0
2013,1.0
2017,1.0
2018,1.0
2019,1.0
2020,1.0
2022,1.0
2023,1.0
2024,1.0
2025,1.0
2026,1.0
2027,1.0
2034,1.0
2041,1.0
2048,1.0
2054,1.0
2058,1.0
2059,1.0
2064,1.0
2065,1.0
2066,1.0
2067,1.0
2068,1.0
2069,1.0
2070,1.0
2071,1.0
2074,1.0
2075,1.0
2076,1.0
2080,1.0
2081,1.0
2084,1.0
2087,1.0
2090,1.0
2091,1.0
2094,1.0
2096,1.0
2097,1.0
2100,1.0
2104,1.0
2105,1.0
2106,1.0
2107,1.0
2108,1.0
2110,1.0
2112,1.0
2114,1.0
2115,1.0
2117,1.0
2118,1.0
2119,1.0
2120,1.0
2121,1.0
2122,1.0
2123,1.0
2125,1.0
2126,1.0
2130,1.0
2131,1.0
2132,1.0
2137,1.0
2138,1.0
2139,1.0
2144,1.0
2145,1.0
2146,1.0
2147,1.0
2153,1.0
2154,1.0
2155,1.0
2156,1.0
2159,1.0
2160,1.0
2164,1.0
2165,1.0
2166,1.0
2171,1.0
2172,1.0
2175,1.0
2176,1.0
2178,1.0
2179,1.0
2180,1.0
2181,1.0
2182,1.0
2183,1.0
2185,1.0
2186,1.0
2188,1.0
2190,1.0
2193,1.0
2194,1.0
2201,1.0
2202,1.0
2203,1.0
2204,1.0
2205,1.0
2206,1.0
2207,1.0
2208,1.0
2210,1.0
2211,1.0
2212,1.0
2226,1.0
2227,1.0
2231,1.0
2232,1.0
2236,1.0
2239,1.0
2240,1.0
2243,1.0
2244,1.0
2245,1.0
2248,1.0
2252,1.0
2256,1.0
2257,1.0
2259,1.0
2260,1.0
2262,1.0
2263,1.0
2264,1.0
2266,1.0
2267,1.0
2268,1.0
2269,1.0
2271,1.0
2272,1.0
2275,1.0
2278,1.0
2279,1.0
2280,1.0
2281,1.0
2282,1.0
2283,1.0
2287,1.0
2288,1.0
2289,1.0
2290,1.0
2291,1.0
2292,1.0
2298,1.0
2303,1.0
2304,1.0
2307,1.0
2310,1.0
2311,1.0
2312,1.0
2313,1.0
2314,1.0
2316,1.0
2318,1.0
2320,1.0
2321,1.0
2322,1.0
2323,1.0
2324,1.0
2327,1.0
2328,1.0
2329,1.0
2331,1.0
2332,1.0
2333,1.0
2336,1.0
2337,1.0
2338,1.0
2339,1.0
2342,1.0
2344,1.0
2346,1.0
2347,1.0
2348,1.0
2351,1.0
2352,1.0
2357,1.0
2358,1.0
2360,1.0
2362,1.0
2363,1.0
2364,1.0
2365,1.0
2366,1.0
2367,1.0
2369,1.0
2370,1.0
2371,1.0
2373,1.0
2374,1.0
2376,1.0
2377,1.0
2378,1.0
2379,1.0
2380,1.0
2381,1.0
2382,1.0
2383,1.0
2384,1.0
2385,1.0
2387,1.0
2388,1.0
2389,1.0
2391,1.0
2392,1.0
2393,1.0
2394,1.0
2395,1.0
2396,1.0
2398,1.0
2400,1.0
2401,1.0
2402,1.0
2403,1.0
2404,1.0
2413,1.0
2414,1.0
2415,1.0
2417,1.0
2419,1.0
2420,1.0
2421,1.0
2422,1.0
2424,1.0
2425,1.0
2428,1.0
2429,1.0
2430,1.0
2431,1.0
2432,1.0
2433,1.0
2435,1.0
2436,1.0
2439,1.0
2442,1.0
2443,1.0
2445,1.0
2446,1.0
2447,1.0
2448,1.0
2450,1.0
2451,1.0
2453,1.0
2454,1.0
2455,1.0
2456,1.0
2458,1.0
2459,1.0
2460,1.0
2462,1.0
2465,1.0
2467,1.0
2469,1.0
2471,1.0
2474,1.0
2481,1.0
2482,1.0
2485,1.0
2488,1.0
2491,1.0
2492,1.0
2493,1.0
2494,1.0
2495,1.0
2496,1.0
2501,1.0
2502,1.0
2503,1.0
2504,1.0
2505,1.0
2506,1.0
2511,1.0
2512,1.0
2513,1.0
2515,1.0
2516,1.0
2517,1.0
2520,1.0
2521,1.0
2522,1.0
2523,1.0
2524,1.0
2525,1.0
2526,1.0
2527,1.0
2528,1.0
2529,1.0
2530,1.0
2531,1.0
2532,1.0
2533,1.0
2535,1.0
2538,1.0
2540,1.0
2541,1.0
2542,1.0
2544,1.0
2546,1.0
2548,1.0
2549,1.0
2550,1.0
2551,1.0
2553,1.0
2554,1.0
2557,1.0
2558,1.0
2559,1.0
2560,1.0
2561,1.0
2563,1.0
2565,1.0
2566,1.0
2568,1.0
2570,1.0
2572,1.0
2573,1.0
2575,1.0
2577,1.0
2579,1.0
2580,1.0
2581,1.0
2583,1.0
2585,1.0
2586,1.0
2587,1.0
2589,1.0
2590,1.0
2594,1.0
2596,1.0
2597,1.0
2600,1.0
2605,1.0
2607,1.0
2609,1.0
2611,1.0
2612,1.0
2614,1.0
2616,1.0
2617,1.0
2620,1.0
2624,1.0
2628,1.0
2629,1.0
2630,1.0
2632,1.0
2634,1.0
2639,1.0
2640,1.0
2641,1.0
2642,1.0
2643,1.0
2644,1.0
2648,1.0
2651,1.0
2652,1.0
2654,1.0
2655,1.0
2656,1.0
2660,1.0
2661,1.0
2662,1.0
2664,1.0
2665,1.0
2668,1.0
2669,1.0
2670,1.0
2671,1.0
2672,1.0
2674,1.0
2676,1.0
2677,1.0
2682,1.0
2683,1.0
2686,1.0
2687,1.0
2688,1.0
2690,1.0
2691,1.0
2692,1.0
2693,1.0
2695,1.0
2697,1.0
2698,1.0
2701,1.0
2702,1.0
2706,1.0
2707,1.0
2710,1.0
2712,1.0
2713,1.0
2716,1.0
2719,1.0
2720,1.0
2722,1.0
2724,1.0
2725,1.0
2726,1.0
2727,1.0
2728,1.0
2729,1.0
2730,1.0
2731,1.0
2732,1.0
2734,1.0
2735,1.0
2737,1.0
2738,1.0
2739,1.0
2740,1.0
2741,1.0
2742,1.0
2743,1.0
2744,1.0
2745,1.0
2748,1.0
2749,1.0
2750,1.0
2751,1.0
2754,1.0
2757,1.0
2761,1.0
2762,1.0
2764,1.0
2765,1.0
2766,1.0
2769,1.0
2771,1.0
2774,1.0
2775,1.0
2782,1.0
2784,1.0
2787,1.0
2789,1.0
2790,1.0
2793,1.0
2797,1.0
2800,1.0
2801,1.0
2803,1.0
2805,1.0
2807,1.0
2808,1.0
2810,1.0
2813,1.0
2819,1.0
2820,1.0
2824,1.0
2826,1.0
2827,1.0
2835,1.0
2837,1.0
2839,1.0
2840,1.0
2841,1.0
2843,1.0
2844,1.0
2846,1.0
2848,1.0
2851,1.0
2852,1.0
2856,1.0
2858,1.0
2859,1.0
2861,1.0
2862,1.0
2866,1.0
2868,1.0
2871,1.0
2874,1.0
2875,1.0
2876,1.0
2877,1.0
2878,1.0
2879,1.0
2880,1.0
2881,1.0
2882,1.0
2883,1.0
2884,1.0
2885,1.0
2888,1.0
2889,1.0
2893,1.0
2894,1.0
2896,1.0
2898,1.0
2900,1.0
2901,1.0
2902,1.0
2903,1.0
2905,1.0
2906,1.0
2908,1.0
2912,1.0
2916,1.0
2917,1.0
2919,1.0
2921,1.0
2922,1.0
2925,1.0
2926,1.0
2927,1.0
2928,1.0
2929,1.0
2930,1.0
2931,1.0
2932,1.0
2935,1.0
2939,1.0
2940,1.0
2942,1.0
2943,1.0
2947,1.0
2948,1.0
2949,1.0
2952,1.0
2956,1.0
2959,1.0
2961,1.0
2962,1.0
2964,1.0
2966,1.0
2967,1.0
2968,1.0
2969,1.0
2970,1.0
2971,1.0
2972,1.0
2973,1.0
2974,1.0
2975,1.0
2976,1.0
2977,1.0
2978,1.0
2979,1.0
2982,1.0
2983,1.0
2984,1.0
2987,1.0
2988,1.0
2989,1.0
2990,1.0
2991,1.0
2992,1.0
2993,1.0
2995,1.0
2996,1.0
2997,1.0
3000,1.0
3002,1.0
3003,1.0
3004,1.0
3005,1.0
3006,1.0
3007,1.0
3008,1.0
3010,1.0
3011,1.0
3015,1.0
3016,1.0
3017,1.0
3019,1.0
3021,1.0
3024,1.0
3030,1.0
3032,1.0
3035,1.0
3036,1.0
3037,1.0
3038,1.0
3045,1.0
3046,1.0
3051,1.0
3053,1.0
3055,1.0
3056,1.0
3060,1.0
3063,1.0
3064,1.0
3067,1.0
3068,1.0
3070,1.0
3071,1.0
3072,1.0
3073,1.0
3074,1.0
3075,1.0
3077,1.0
3078,1.0
3079,1.0
3082,1.0
3083,1.0
3087,1.0
3089,1.0
3090,1.0
3091,1.0
3093,1.0
3094,1.0
3095,1.0
3097,1.0
3098,1.0
3099,1.0
3100,1.0
3101,1.0
3103,1.0
3105,1.0
3106,1.0
3108,1.0
3109,1.0
3111,1.0
3112,1.0
3115,1.0
3117,1.0
3125,1.0
3127,1.0
3129,1.0
3130,1.0
3132,1.0
3134,1.0
3135,1.0
3138,1.0
3141,1.0
3142,1.0
3143,1.0
3145,1.0
3147,1.0
3148,1.0
3150,1.0
3152,1.0
3153,1.0
3155,1.0
3156,1.0
3158,1.0
3159,1.0
3160,1.0
3161,1.0
3162,1.0
3163,1.0
3167,1.0
3168,1.0
3169,1.0
3171,1.0
3173,1.0
3174,1.0
3175,1.0
3176,1.0
3178,1.0
3179,1.0
3181,1.0
3182,1.0
3183,1.0
3185,1.0
3186,1.0
3189,1.0
3190,1.0
3192,1.0
3194,1.0
3196,1.0
3197,1.0
3198,1.0
3200,1.0
3201,1.0
3203,1.0
3210,1.0
3211,1.0
3213,1.0
3214,1.0
3217,1.0
3219,1.0
3221,1.0
3223,1.0
3224,1.0
3225,1.0
3230,1.0
3238,1.0
3244,1.0
3246,1.0
3247,1.0
3249,1.0
3250,1.0
3251,1.0
3252,1.0
3255,1.0
3256,1.0
3257,1.0
3260,1.0
3261,1.0
3262,1.0
3263,1.0
3265,1.0
3266,1.0
3267,1.0
3269,1.0
3270,1.0
3271,1.0
3272,1.0
3274,1.0
3275,1.0
3280,1.0
3281,1.0
3284,1.0
3285,1.0
3287,1.0
3289,1.0
3294,1.0
3295,1.0
3296,1.0
3298,1.0
3299,1.0
3300,1.0
3301,1.0
3303,1.0
3307,1.0
3308,1.0
3310,1.0
3315,1.0
3317,1.0
3323,1.0
3325,1.0
3327,1.0
3328,1.0
3329,1.0
3330,1.0
3331,1.0
3334,1.0
3338,1.0
3342,1.0
3344,1.0
3347,1.0
3350,1.0
3353,1.0
3354,1.0
3355,1.0
3357,1.0
3358,1.0
3359,1.0
3360,1.0
3361,1.0
3362,1.0
3363,1.0
3364,1.0
3365,1.0
3370,1.0
3374,1.0
3378,1.0
3379,1.0
3384,1.0
3386,1.0
3389,1.0
3393,1.0
3394,1.0
3402,1.0
3403,1.0
3406,1.0
3408,1.0
3409,1.0
3410,1.0
3412,1.0
3414,1.0
3415,1.0
3418,1.0
3420,1.0
3422,1.0
3423,1.0
3424,1.0
3425,1.0
3426,1.0
3428,1.0
3430,1.0
3435,1.0
3436,1.0
3438,1.0
3440,1.0
3442,1.0
3445,1.0
3446,1.0
3447,1.0
3448,1.0
3449,1.0
3451,1.0
3452,1.0
3453,1.0
3454,1.0
3455,1.0
3456,1.0
3459,1.0
3461,1.0
3462,1.0
3467,1.0
3468,1.0
3469,1.0
3470,1.0
3471,1.0
3474,1.0
3475,1.0
3476,1.0
3477,1.0
3478,1.0
3480,1.0
3481,1.0
3483,1.0
3484,1.0
3494,1.0
3496,1.0
3498,1.0
3499,1.0
3500,1.0
3501,1.0
3502,1.0
3503,1.0
3504,1.0
3505,1.0
3506,1.0
3508,1.0
3510,1.0
3512,1.0
3513,1.0
3514,1.0
3515,1.0
3516,1.0
3521,1.0
3524,1.0
3526,1.0
3527,1.0
3528,1.0
3529,1.0
3531,1.0
3534,1.0
3535,1.0
3536,1.0
3537,1.0
3539,1.0
3543,1.0
3545,1.0
3546,1.0
3548,1.0
3549,1.0
3550,1.0
3551,1.0
3553,1.0
3554,1.0
3556,1.0
3557,1.0
3559,1.0
3565,1.0
3566,1.0
3567,1.0
3568,1.0
3569,1.0
3571,1.0
3572,1.0
3573,1.0
3574,1.0
3576,1.0
3577,1.0
3578,1.0
3580,1.0
3586,1.0
3587,1.0
3590,1.0
3591,1.0
3592,1.0
3593,1.0
3594,1.0
3598,1.0
3604,1.0
3606,1.0
3609,1.0
3614,1.0
3616,1.0
3618,1.0
3623,1.0
3624,1.0
3625,1.0
3627,1.0
3628,1.0
3632,1.0
3634,1.0
3635,1.0
3637,1.0
3638,1.0
3639,1.0
3640,1.0
3641,1.0
3648,1.0
3649,1.0
3652,1.0
3653,1.0
3654,1.0
3655,1.0
3658,1.0
3660,1.0
3661,1.0
3662,1.0
3663,1.0
3664,1.0
3667,1.0
3668,1.0
3674,1.0
3675,1.0
3676,1.0
3677,1.0
3678,1.0
3679,1.0
3680,1.0
3681,1.0
3682,1.0
3683,1.0
3684,1.0
3685,1.0
3686,1.0
3697,1.0
3698,1.0
3700,1.0
3701,1.0
3702,1.0
3703,1.0
3704,1.0
3706,1.0
3707,1.0
3708,1.0
3709,1.0
3711,1.0
3713,1.0
3714,1.0
3715,1.0
3716,1.0
3717,1.0
3719,1.0
3720,1.0
3723,1.0
3724,1.0
3725,1.0
3727,1.0
3728,1.0
3729,1.0
3730,1.0
3731,1.0
3732,1.0
3733,1.0
3735,1.0
3736,1.0
3737,1.0
3738,1.0
3739,1.0
3740,1.0
3741,1.0
3742,1.0
3743,1.0
3744,1.0
3745,1.0
3746,1.0
3747,1.0
3755,1.0
3756,1.0
3758,1.0
3761,1.0
3763,1.0
3764,1.0
3765,1.0
3770,1.0
3771,1.0
3774,1.0
3783,1.0
3788,1.0
3789,1.0
3790,1.0
3791,1.0
3792,1.0
3793,1.0
3794,1.0
3795,1.0
3797,1.0
3798,1.0
3799,1.0
3801,1.0
3802,1.0
3806,1.0
3808,1.0
3810,1.0
3811,1.0
3813,1.0
3816,1.0
3822,1.0
3823,1.0
3824,1.0
3825,1.0
3826,1.0
3827,1.0
3832,1.0
3833,1.0
3835,1.0
3837,1.0
3838,1.0
3839,1.0
3840,1.0
3843,1.0
3844,1.0
3845,1.0
3847,1.0
3849,1.0
3855,1.0
3857,1.0
3859,1.0
3863,1.0
3864,1.0
3868,1.0
3870,1.0
3871,1.0
3872,1.0
3877,1.0
3888,1.0
3889,1.0
3893,1.0
3894,1.0
3895,1.0
3896,1.0
3897,1.0
3899,1.0
3900,1.0
3901,1.0
3906,1.0
3908,1.0
3909,1.0
3910,1.0
3912,1.0
3914,1.0
3915,1.0
3916,1.0
3917,1.0
3918,1.0
3919,1.0
3920,1.0
3925,1.0
3932,1.0
3933,1.0
3937,1.0
3938,1.0
3939,1.0
3940,1.0
3941,1.0
3942,1.0
3946,1.0
3947,1.0
3949,1.0
3950,1.0
3951,1.0
3952,1.0
3953,1.0
3958,1.0
3959,1.0
3963,1.0
3964,1.0
3965,1.0
3966,1.0
3967,1.0
3969,1.0
3973,1.0
3978,1.0
3980,1.0
3981,1.0
3983,1.0
3984,1.0
3985,1.0
3986,1.0
3987,1.0
3989,1.0
3992,1.0
3993,1.0
3994,1.0
3996,1.0
3997,1.0
3998,1.0
3999,1.0
4000,1.0
4005,1.0
4007,1.0
4008,1.0
4009,1.0
4011,1.0
4012,1.0
4014,1.0
4017,1.0
4018,1.0
4019,1.0
4020,1.0
4021,1.0
4022,1.0
4023,1.0
4025,1.0
4027,1.0
4029,1.0
4030,1.0
4031,1.0
4033,1.0
4034,1.0
4036,1.0
4037,1.0
4039,1.0
4041,1.0
4043,1.0
4046,1.0
4047,1.0
4051,1.0
4052,1.0
4054,1.0
4055,1.0
4056,1.0
4061,1.0
4062,1.0
4063,1.0
4064,1.0
4065,1.0
4067,1.0
4069,1.0
4074,1.0
4077,1.0
4078,1.0
4082,1.0
4083,1.0
4085,1.0
4086,1.0
4090,1.0
4091,1.0
4092,1.0
4093,1.0
4103,1.0
4105,1.0
4109,1.0
4110,1.0
4111,1.0
4113,1.0
4117,1.0
4121,1.0
4124,1.0
4126,1.0
4132,1.0
4133,1.0
4139,1.0
4141,1.0
4142,1.0
4143,1.0
4144,1.0
4146,1.0
4147,1.0
4148,1.0
4149,1.0
4152,1.0
4153,1.0
4154,1.0
4155,1.0
4157,1.0
4160,1.0
4164,1.0
4167,1.0
4168,1.0
4171,1.0
4174,1.0
4175,1.0
4178,1.0
4184,1.0
4187,1.0
4189,1.0
4190,1.0
4191,1.0
4193,1.0
4194,1.0
4195,1.0
4198,1.0
4202,1.0
4203,1.0
4205,1.0
4207,1.0
4210,1.0
4211,1.0
4212,1.0
4217,1.0
4218,1.0
4223,1.0
4226,1.0
4229,1.0
4231,1.0
4232,1.0
4234,1.0
4235,1.0
4236,1.0
4237,1.0
4238,1.0
4239,1.0
4241,1.0
4242,1.0
4243,1.0
4246,1.0
4251,1.0
4252,1.0
4254,1.0
4256,1.0
4259,1.0
4260,1.0
4262,1.0
4263,1.0
4270,1.0
4273,1.0
4275,1.0
4278,1.0
4280,1.0
4282,1.0
4285,1.0
4289,1.0
4290,1.0
4291,1.0
4292,1.0
4294,1.0
4296,1.0
4297,1.0
4298,1.0
4300,1.0
4304,1.0
4307,1.0
4308,1.0
4310,1.0
4312,1.0
4313,1.0
4316,1.0
4317,1.0
4322,1.0
4325,1.0
4326,1.0
4329,1.0
4333,1.0
4334,1.0
4337,1.0
4338,1.0
4339,1.0
4342,1.0
4344,1.0
4345,1.0
4347,1.0
4351,1.0
4354,1.0
4356,1.0
4357,1.0
4361,1.0
4367,1.0
4369,1.0
4370,1.0
4371,1.0
4372,1.0
4374,1.0
4378,1.0
4380,1.0
4383,1.0
4384,1.0
4389,1.0
4390,1.0
4392,1.0
4393,1.0
4395,1.0
4399,1.0
4403,1.0
4404,1.0
4406,1.0
4407,1.0
4408,1.0
4409,1.0
4410,1.0
4419,1.0
4420,1.0
4422,1.0
4424,1.0
4426,1.0
4427,1.0
4428,1.0
4429,1.0
4432,1.0
4433,1.0
4434,1.0
4436,1.0
4437,1.0
4439,1.0
4442,1.0
4443,1.0
4444,1.0
4447,1.0
4449,1.0
4450,1.0
4451,1.0
4453,1.0
4454,1.0
4458,1.0
4459,1.0
4463,1.0
4464,1.0
4465,1.0
4466,1.0
4470,1.0
4471,1.0
4473,1.0
4474,1.0
4475,1.0
4478,1.0
4480,1.0
4482,1.0
4484,1.0
4487,1.0
4488,1.0
4489,1.0
4495,1.0
4496,1.0
4497,1.0
4498,1.0
4500,1.0
4505,1.0
4506,1.0
4508,1.0
4517,1.0
4521,1.0
4523,1.0
4527,1.0
4529,1.0
4534,1.0
4535,1.0
4537,1.0
4541,1.0
4546,1.0
4552,1.0
4553,1.0
4557,1.0
4564,1.0
4565,1.0
4571,1.0
4572,1.0
4573,1.0
4577,1.0
4578,1.0
4580,1.0
4581,1.0
4584,1.0
4589,1.0
4595,1.0
4599,1.0
4600,1.0
4603,1.0
4608,1.0
4610,1.0
4611,1.0
4612,1.0
4613,1.0
4615,1.0
4616,1.0
4621,1.0
4625,1.0
4626,1.0
4628,1.0
4629,1.0
4635,1.0
4638,1.0
4639,1.0
4640,1.0
4641,1.0
4642,1.0
4644,1.0
4645,1.0
4646,1.0
4658,1.0
4661,1.0
4662,1.0
4670,1.0
4671,1.0
4672,1.0
4677,1.0
4681,1.0
4683,1.0
4688,1.0
4689,1.0
4690,1.0
4695,1.0
4699,1.0
4700,1.0
4703,1.0
4708,1.0
4710,1.0
4711,1.0
4713,1.0
4715,1.0
4720,1.0
4723,1.0
4725,1.0
4727,1.0
4735,1.0
4736,1.0
4738,1.0
4740,1.0
4741,1.0
4743,1.0
4744,1.0
4745,1.0
4754,1.0
4757,1.0
4759,1.0
4765,1.0
4766,1.0
4769,1.0
4770,1.0
4771,1.0
4772,1.0
4774,1.0
4775,1.0
4776,1.0
4780,1.0
4782,1.0
4783,1.0
4784,1.0
4785,1.0
4786,1.0
4787,1.0
4788,1.0
4792,1.0
4794,1.0
4796,1.0
4798,1.0
4801,1.0
4803,1.0
4804,1.0
4808,1.0
4809,1.0
4810,1.0
4811,1.0
4813,1.0
4814,1.0
4815,1.0
4821,1.0
4823,1.0
4825,1.0
4826,1.0
4827,1.0
4828,1.0
4830,1.0
4833,1.0
4835,1.0
4836,1.0
4840,1.0
4845,1.0
4847,1.0
4848,1.0
4849,1.0
4850,1.0
4852,1.0
4855,1.0
4857,1.0
4862,1.0
4863,1.0
4864,1.0
4865,1.0
4867,1.0
4871,1.0
4873,1.0
4874,1.0
4876,1.0
4877,1.0
4878,1.0
4879,1.0
4880,1.0
4881,1.0
4883,1.0
4885,1.0
4887,1.0
4888,1.0
4889,1.0
4890,1.0
4893,1.0
4898,1.0
4901,1.0
4902,1.0
4903,1.0
4912,1.0
4914,1.0
4915,1.0
4916,1.0
4917,1.0
4919,1.0
4920,1.0
4921,1.0
4926,1.0
4927,1.0
4928,1.0
4932,1.0
4936,1.0
4939,1.0
4941,1.0
4942,1.0
4945,1.0
4946,1.0
4951,1.0
4954,1.0
4957,1.0
4959,1.0
4961,1.0
4963,1.0
4965,1.0
4966,1.0
4967,1.0
4969,1.0
4970,1.0
4971,1.0
4973,1.0
4976,1.0
4977,1.0
4978,1.0
4979,1.0
4980,1.0
4985,1.0
4987,1.0
4991,1.0
4992,1.0
4994,1.0
4995,1.0
4998,1.0
5008,1.0
5009,1.0
5011,1.0
5012,1.0
5013,1.0
5014,1.0
5015,1.0
5016,1.0
5021,1.0
5023,1.0
5028,1.0
5033,1.0
5034,1.0
5039,1.0
5040,1.0
5041,1.0
5046,1.0
5049,1.0
5051,1.0
5054,1.0
5059,1.0
5060,1.0
5062,1.0
5063,1.0
5064,1.0
5065,1.0
5066,1.0
5068,1.0
5069,1.0
5071,1.0
5072,1.0
5073,1.0
5074,1.0
5076,1.0
5077,1.0
5081,1.0
5083,1.0
5088,1.0
5094,1.0
5095,1.0
5099,1.0
5103,1.0
5105,1.0
5106,1.0
5107,1.0
5108,1.0
5110,1.0
5111,1.0
5112,1.0
5113,1.0
5114,1.0
5121,1.0
5127,1.0
5128,1.0
5131,1.0
5134,1.0
5135,1.0
5136,1.0
5137,1.0
5146,1.0
5147,1.0
5151,1.0
5165,1.0
5168,1.0
5170,1.0
5171,1.0
5177,1.0
5178,1.0
5181,1.0
5189,1.0
5197,1.0
5198,1.0
5202,1.0
5209,1.0
5219,1.0
5221,1.0
5222,1.0
5224,1.0
5225,1.0
5226,1.0
5237,1.0
5238,1.0
5239,1.0
5241,1.0
5244,1.0
5256,1.0
5258,1.0
5264,1.0
5265,1.0
5266,1.0
5267,1.0
5268,1.0
5269,1.0
5272,1.0
5275,1.0
5278,1.0
5279,1.0
5282,1.0
5284,1.0
5285,1.0
5288,1.0
5291,1.0
5293,1.0
5294,1.0
5296,1.0
5297,1.0
5298,1.0
5299,1.0
5300,1.0
5303,1.0
5304,1.0
5309,1.0
5311,1.0
5312,1.0
5313,1.0
5319,1.0
5322,1.0
5323,1.0
5324,1.0
5325,1.0
5328,1.0
5329,1.0
5333,1.0
5334,1.0
5338,1.0
5339,1.0
5341,1.0
5345,1.0
5346,1.0
5347,1.0
5348,1.0
5349,1.0
5353,1.0
5356,1.0
5364,1.0
5365,1.0
5372,1.0
5373,1.0
5377,1.0
5378,1.0
5379,1.0
5380,1.0
5384,1.0
5385,1.0
5387,1.0
5388,1.0
5390,1.0
5391,1.0
5398,1.0
5400,1.0
5404,1.0
5410,1.0
5414,1.0
5415,1.0
5416,1.0
5417,1.0
5421,1.0
5423,1.0
5424,1.0
5425,1.0
5433,1.0
5434,1.0
5435,1.0
5440,1.0
5442,1.0
5446,1.0
5447,1.0
5449,1.0
5450,1.0
5451,1.0
5452,1.0
5454,1.0
5455,1.0
5459,1.0
5461,1.0
5463,1.0
5464,1.0
5465,1.0
5466,1.0
5468,1.0
5470,1.0
5471,1.0
5472,1.0
5475,1.0
5476,1.0
5477,1.0
5478,1.0
5479,1.0
5483,1.0
5485,1.0
5489,1.0
5493,1.0
5497,1.0
5498,1.0
5502,1.0
5503,1.0
5505,1.0
5506,1.0
5507,1.0
5508,1.0
5515,1.0
5521,1.0
5522,1.0
5523,1.0
5525,1.0
5527,1.0
5528,1.0
5529,1.0
5530,1.0
5531,1.0
5532,1.0
5537,1.0
5538,1.0
5539,1.0
5543,1.0
5544,1.0
5550,1.0
5556,1.0
5562,1.0
5563,1.0
5564,1.0
5569,1.0
5570,1.0
5573,1.0
5574,1.0
5575,1.0
5577,1.0
5588,1.0
5589,1.0
5590,1.0
5596,1.0
5601,1.0
5602,1.0
5603,1.0
5607,1.0
5608,1.0
5610,1.0
5613,1.0
5614,1.0
5615,1.0
5617,1.0
5619,1.0
5620,1.0
5625,1.0
5629,1.0
5630,1.0
5632,1.0
5633,1.0
5635,1.0
5636,1.0
5637,1.0
5638,1.0
5640,1.0
5643,1.0
5644,1.0
5646,1.0
5649,1.0
5657,1.0
5663,1.0
5665,1.0
5666,1.0
5667,1.0
5668,1.0
5669,1.0
5673,1.0
5675,1.0
5679,1.0
5680,1.0
5682,1.0
5684,1.0
5685,1.0
5688,1.0
5689,1.0
5690,1.0
5693,1.0
5694,1.0
5696,1.0
5699,1.0
5700,1.0
5704,1.0
5706,1.0
5707,1.0
5712,1.0
5720,1.0
5721,1.0
5723,1.0
5733,1.0
5735,1.0
5736,1.0
5741,1.0
5742,1.0
5745,1.0
5746,1.0
5747,1.0
5749,1.0
5752,1.0
5755,1.0
5764,1.0
5767,1.0
5771,1.0
5772,1.0
5779,1.0
5782,1.0
5784,1.0
5787,1.0
5788,1.0
5791,1.0
5792,1.0
5796,1.0
5797,1.0
5799,1.0
5804,1.0
5809,1.0
5810,1.0
5812,1.0
5817,1.0
5818,1.0
5820,1.0
5828,1.0
5829,1.0
5836,1.0
5838,1.0
5839,1.0
5840,1.0
5847,1.0
5853,1.0
5856,1.0
5867,1.0
5872,1.0
5873,1.0
5875,1.0
5876,1.0
5878,1.0
5881,1.0
5883,1.0
5888,1.0
5889,1.0
5890,1.0
5891,1.0
5893,1.0
5900,1.0
5901,1.0
5902,1.0
5903,1.0
5909,1.0
5912,1.0
5919,1.0
5925,1.0
5927,1.0
5929,1.0
5932,1.0
5938,1.0
5941,1.0
5943,1.0
5944,1.0
5945,1.0
5947,1.0
5949,1.0
5951,1.0
5953,1.0
5954,1.0
5955,1.0
5956,1.0
5957,1.0
5959,1.0
5962,1.0
5963,1.0
5968,1.0
5969,1.0
5970,1.0
5971,1.0
5975,1.0
5979,1.0
5980,1.0
5984,1.0
5986,1.0
5988,1.0
5989,1.0
5991,1.0
5992,1.0
5993,1.0
5994,1.0
5995,1.0
5999,1.0
6001,1.0
6002,1.0
6003,1.0
6006,1.0
6009,1.0
6012,1.0
6016,1.0
6020,1.0
6021,1.0
6022,1.0
6023,1.0
6027,1.0
6031,1.0
6035,1.0
6036,1.0
6039,1.0
6040,1.0
6041,1.0
6042,1.0
6044,1.0
6049,1.0
6051,1.0
6055,1.0
6057,1.0
6058,1.0
6060,1.0
6062,1.0
6063,1.0
6064,1.0
6067,1.0
6070,1.0
6078,1.0
6086,1.0
6093,1.0
6100,1.0
6101,1.0
6107,1.0
6123,1.0
6140,1.0
6143,1.0
6145,1.0
6148,1.0
6155,1.0
6156,1.0
6157,1.0
6158,1.0
6159,1.0
6162,1.0
6170,1.0
6178,1.0
6181,1.0
6183,1.0
6184,1.0
6185,1.0
6187,1.0
6193,1.0
6195,1.0
6196,1.0
6197,1.0
6201,1.0
6202,1.0
6213,1.0
6214,1.0
6215,1.0
6216,1.0
6217,1.0
6218,1.0
6219,1.0
6220,1.0
6222,1.0
6223,1.0
6225,1.0
6228,1.0
6232,1.0
6234,1.0
6235,1.0
6237,1.0
6238,1.0
6241,1.0
6242,1.0
6244,1.0
6245,1.0
6246,1.0
6250,1.0
6251,1.0
6252,1.0
6254,1.0
6263,1.0
6264,1.0
6266,1.0
6267,1.0
6268,1.0
6269,1.0
6270,1.0
6271,1.0
6273,1.0
6279,1.0
6280,1.0
6281,1.0
6283,1.0
6285,1.0
6286,1.0
6288,1.0
6289,1.0
6290,1.0
6291,1.0
6294,1.0
6298,1.0
6299,1.0
6300,1.0
6301,1.0
6302,1.0
6303,1.0
6305,1.0
6306,1.0
6310,1.0
6314,1.0
6319,1.0
6322,1.0
6323,1.0
6324,1.0
6327,1.0
6329,1.0
6330,1.0
6331,1.0
6332,1.0
6333,1.0
6334,1.0
6335,1.0
6336,1.0
6337,1.0
6339,1.0
6341,1.0
6342,1.0
6344,1.0
6345,1.0
6347,1.0
6348,1.0
6349,1.0
6350,1.0
6357,1.0
6358,1.0
6365,1.0
6367,1.0
6368,1.0
6370,1.0
6371,1.0
6373,1.0
6375,1.0
6376,1.0
6378,1.0
6379,1.0
6380,1.0
6382,1.0
6383,1.0
6385,1.0
6386,1.0
6390,1.0
6395,1.0
6400,1.0
6407,1.0
6415,1.0
6422,1.0
6427,1.0
6429,1.0
6433,1.0
6434,1.0
6436,1.0
6440,1.0
6442,1.0
6448,1.0
6449,1.0
6452,1.0
6453,1.0
6454,1.0
6460,1.0
6461,1.0
6465,1.0
6466,1.0
6476,1.0
6477,1.0
6484,1.0
6493,1.0
6502,1.0
6509,1.0
6510,1.0
6514,1.0
6515,1.0
6516,1.0
6517,1.0
6523,1.0
6530,1.0
6534,1.0
6537,1.0
6538,1.0
6539,1.0
6541,1.0
6542,1.0
6545,1.0
6547,1.0
6549,1.0
6550,1.0
6551,1.0
6552,1.0
6553,1.0
6557,1.0
6558,1.0
6563,1.0
6565,1.0
6566,1.0
6567,1.0
6571,1.0
6572,1.0
6573,1.0
6574,1.0
6581,1.0
6583,1.0
6584,1.0
6591,1.0
6592,1.0
6596,1.0
6597,1.0
6598,1.0
6603,1.0
6609,1.0
6611,1.0
6612,1.0
6614,1.0
6617,1.0
6620,1.0
6624,1.0
6629,1.0
6631,1.0
6636,1.0
6638,1.0
6639,1.0
6643,1.0
6644,1.0
6650,1.0
6656,1.0
6658,1.0
6660,1.0
6662,1.0
6663,1.0
6664,1.0
6666,1.0
6667,1.0
6668,1.0
6669,1.0
6671,1.0
6678,1.0
6679,1.0
6684,1.0
6686,1.0
6687,1.0
6688,1.0
6689,1.0
6691,1.0
6692,1.0
6695,1.0
6696,1.0
6699,1.0
6705,1.0
6706,1.0
6707,1.0
6708,1.0
6710,1.0
6711,1.0
6713,1.0
6715,1.0
6720,1.0
6721,1.0
6724,1.0
6731,1.0
6732,1.0
6748,1.0
6750,1.0
6751,1.0
6752,1.0
6753,1.0
6760,1.0
6763,1.0
6764,1.0
6765,1.0
6768,1.0
6770,1.0
6772,1.0
6774,1.0
6775,1.0
6776,1.0
6777,1.0
6780,1.0
6783,1.0
6785,1.0
6786,1.0
6787,1.0
6788,1.0
6789,1.0
6790,1.0
6791,1.0
6793,1.0
6796,1.0
6797,1.0
6798,1.0
6800,1.0
6803,1.0
6804,1.0
6808,1.0
6809,1.0
6810,1.0
6812,1.0
6817,1.0
6818,1.0
6820,1.0
6832,1.0
6835,1.0
6836,1.0
6837,1.0
6849,1.0
6850,1.0
6851,1.0
6852,1.0
6856,1.0
6857,1.0
6858,1.0
6860,1.0
6862,1.0
6867,1.0
6868,1.0
6869,1.0
6870,1.0
6873,1.0
6874,1.0
6879,1.0
6880,1.0
6881,1.0
6882,1.0
6883,1.0
6884,1.0
6885,1.0
6886,1.0
6887,1.0
6890,1.0
6893,1.0
6898,1.0
6899,1.0
6909,1.0
6911,1.0
6912,1.0
6918,1.0
6920,1.0
6927,1.0
6932,1.0
6934,1.0
6935,1.0
6938,1.0
6939,1.0
6942,1.0
6945,1.0
6947,1.0
6948,1.0
6950,1.0
6952,1.0
6953,1.0
6954,1.0
6957,1.0
6959,1.0
6961,1.0
6962,1.0
6963,1.0
6965,1.0
6967,1.0
6969,1.0
6970,1.0
6971,1.0
6973,1.0
6974,1.0
6975,1.0
6978,1.0
6979,1.0
6981,1.0
6982,1.0
6983,1.0
6984,1.0
6985,1.0
6987,1.0
6989,1.0
6990,1.0
6992,1.0
6993,1.0
6996,1.0
6997,1.0
6998,1.0
6999,1.0
7000,1.0
7001,1.0
7008,1.0
7009,1.0
7010,1.0
7013,1.0
7015,1.0
7018,1.0
7019,1.0
7020,1.0
7022,1.0
7023,1.0
7024,1.0
7025,1.0
7028,1.0
7030,1.0
7031,1.0
7032,1.0
7033,1.0
7034,1.0
7037,1.0
7038,1.0
7040,1.0
7041,1.0
7044,1.0
7045,1.0
7047,1.0
7049,1.0
7050,1.0
7052,1.0
7053,1.0
7054,1.0
7055,1.0
7056,1.0
7057,1.0
7059,1.0
7060,1.0
7061,1.0
7062,1.0
7063,1.0
7064,1.0
7065,1.0
7067,1.0
7069,1.0
7070,1.0
7071,1.0
7072,1.0
7073,1.0
7076,1.0
7078,1.0
7079,1.0
7080,1.0
7082,1.0
7083,1.0
7084,1.0
7085,1.0
7086,1.0
7087,1.0
7088,1.0
7089,1.0
7090,1.0
7092,1.0
7096,1.0
7099,1.0
7101,1.0
7102,1.0
7108,1.0
7109,1.0
7114,1.0
7115,1.0
7116,1.0
7118,1.0
7121,1.0
7122,1.0
7123,1.0
7124,1.0
7125,1.0
7127,1.0
7131,1.0
7132,1.0
7134,1.0
7137,1.0
7139,1.0
7141,1.0
7142,1.0
7143,1.0
7147,1.0
7149,1.0
7151,1.0
7154,1.0
7156,1.0
7158,1.0
7160,1.0
7162,1.0
7163,1.0
7164,1.0
7165,1.0
7167,1.0
7169,1.0
7171,1.0
7173,1.0
7175,1.0
7176,1.0
7177,1.0
7178,1.0
7179,1.0
7181,1.0
7184,1.0
7190,1.0
7202,1.0
7208,1.0
7211,1.0
7212,1.0
7215,1.0
7216,1.0
7217,1.0
7218,1.0
7219,1.0
7222,1.0
7223,1.0
7225,1.0
7234,1.0
7236,1.0
7238,1.0
7243,1.0
7245,1.0
7248,1.0
7251,1.0
7254,1.0
7255,1.0
7257,1.0
7258,1.0
7259,1.0
7260,1.0
7263,1.0
7264,1.0
7265,1.0
7285,1.0
7293,1.0
7297,1.0
7299,1.0
7301,1.0
7302,1.0
7303,1.0
7305,1.0
7306,1.0
7307,1.0
7311,1.0
7312,1.0
7315,1.0
7318,1.0
7321,1.0
7323,1.0
7324,1.0
7326,1.0
7327,1.0
7328,1.0
7333,1.0
7335,1.0
7336,1.0
7344,1.0
7345,1.0
7346,1.0
7347,1.0
7348,1.0
7349,1.0
7352,1.0
7354,1.0
7357,1.0
7360,1.0
7361,1.0
7362,1.0
7364,1.0
7366,1.0
7367,1.0
7368,1.0
7369,1.0
7371,1.0
7372,1.0
7373,1.0
7375,1.0
7377,1.0
7379,1.0
7380,1.0
7381,1.0
7382,1.0
7386,1.0
7390,1.0
7394,1.0
7395,1.0
7396,1.0
7414,1.0
7438,1.0
7439,1.0
7440,1.0
7443,1.0
7444,1.0
7445,1.0
7449,1.0
7450,1.0
7454,1.0
7455,1.0
7457,1.0
7458,1.0
7459,1.0
7460,1.0
7477,1.0
7479,1.0
7481,1.0
7482,1.0
7486,1.0
7487,1.0
7492,1.0
7493,1.0
7541,1.0
7560,1.0
7561,1.0
7562,1.0
7564,1.0
7566,1.0
7569,1.0
7570,1.0
7572,1.0
7573,1.0
7579,1.0
7581,1.0
7584,1.0
7587,1.0
7615,1.0
7616,1.0
7618,1.0
7619,1.0
7620,1.0
7624,1.0
7636,1.0
7646,1.0
7650,1.0
7669,1.0
7698,1.0
7700,1.0
7701,1.0
7702,1.0
7705,1.0
7707,1.0
7713,1.0
7714,1.0
7728,1.0
7730,1.0
7742,1.0
7745,1.0
7748,1.0
7749,1.0
7753,1.0
7757,1.0
7762,1.0
7766,1.0
7767,1.0
7772,1.0
7773,1.0
7786,1.0
7789,1.0
7792,1.0
7811,1.0
7812,1.0
7820,1.0
7826,1.0
7831,1.0
7832,1.0
7833,1.0
7835,1.0
7841,1.0
7842,1.0
7882,1.0
7883,1.0
7889,1.0
7891,1.0
7895,1.0
7896,1.0
7900,1.0
7920,1.0
7924,1.0
7925,1.0
7926,1.0
7930,1.0
7932,1.0
7936,1.0
7937,1.0
7938,1.0
7939,1.0
7940,1.0
7943,1.0
7944,1.0
7951,1.0
7976,1.0
7979,1.0
7981,1.0
7982,1.0
7984,1.0
7986,1.0
7987,1.0
7991,1.0
8010,1.0
8011,1.0
8012,1.0
8014,1.0
8016,1.0
8019,1.0
8024,1.0
8025,1.0
8035,1.0
8042,1.0
8043,1.0
8044,1.0
8057,1.0
8092,1.0
8094,1.0
8118,1.0
8119,1.0
8125,1.0
8126,1.0
8128,1.0
8131,1.0
8136,1.0
8137,1.0
8138,1.0
8142,1.0
8143,1.0
8147,1.0
8153,1.0
8154,1.0
8157,1.0
8158,1.0
8183,1.0
8188,1.0
8190,1.0
8191,1.0
8195,1.0
8197,1.0
8199,1.0
8207,1.0
8225,1.0
8228,1.0
8232,1.0
8236,1.0
8238,1.0
8239,1.0
8241,1.0
8254,1.0
8261,1.0
8264,1.0
8266,1.0
8270,1.0
8290,1.0
8293,1.0
8302,1.0
8327,1.0
8335,1.0
8336,1.0
8337,1.0
8338,1.0
8340,1.0
8341,1.0
8361,1.0
8362,1.0
8364,1.0
8366,1.0
8369,1.0
8370,1.0
8371,1.0
8375,1.0
8378,1.0
8379,1.0
8383,1.0
8385,1.0
8387,1.0
8391,1.0
8402,1.0
8405,1.0
8410,1.0
8424,1.0
8426,1.0
8446,1.0
8447,1.0
8451,1.0
8454,1.0
8456,1.0
8458,1.0
8459,1.0
8461,1.0
8462,1.0
8463,1.0
8464,1.0
8465,1.0
8477,1.0
8482,1.0
8484,1.0
8491,1.0
8492,1.0
8494,1.0
8495,1.0
8500,1.0
8502,1.0
8506,1.0
8507,1.0
8518,1.0
8521,1.0
8529,1.0
8530,1.0
8531,1.0
8532,1.0
8533,1.0
8534,1.0
8535,1.0
8571,1.0
8575,1.0
8577,1.0
8578,1.0
8581,1.0
8582,1.0
8587,1.0
8588,1.0
8591,1.0
8593,1.0
8596,1.0
8600,1.0
8601,1.0
8607,1.0
8614,1.0
8617,1.0
8620,1.0
8622,1.0
8623,1.0
8626,1.0
8633,1.0
8636,1.0
8638,1.0
8640,1.0
8643,1.0
8644,1.0
8645,1.0
8650,1.0
8656,1.0
8665,1.0
8666,1.0
8667,1.0
8670,1.0
8677,1.0
8684,1.0
8685,1.0
8690,1.0
8712,1.0
8714,1.0
8718,1.0
8724,1.0
8727,1.0
8738,1.0
8753,1.0
8754,1.0
8755,1.0
8765,1.0
8771,1.0
8772,1.0
8773,1.0
8774,1.0
8778,1.0
8781,1.0
8782,1.0
8783,1.0
8784,1.0
8795,1.0
8798,1.0
8799,1.0
8800,1.0
8804,1.0
8808,1.0
8809,1.0
8810,1.0
8813,1.0
8815,1.0
8830,1.0
8831,1.0
8832,1.0
8833,1.0
8835,1.0
8836,1.0
8838,1.0
8840,1.0
8844,1.0
8848,1.0
8860,1.0
8861,1.0
8864,1.0
8865,1.0
8866,1.0
8869,1.0
8870,1.0
8873,1.0
8875,1.0
8879,1.0
8880,1.0
8894,1.0
8905,1.0
8906,1.0
8908,1.0
8914,1.0
8915,1.0
8916,1.0
8917,1.0
8918,1.0
8919,1.0
8920,1.0
8921,1.0
8933,1.0
8938,1.0
8939,1.0
8943,1.0
8947,1.0
8948,1.0
8949,1.0
8950,1.0
8951,1.0
8952,1.0
8954,1.0
8955,1.0
8957,1.0
8958,1.0
8959,1.0
8961,1.0
8964,1.0
8966,1.0
8969,1.0
8970,1.0
8972,1.0
8973,1.0
8977,1.0
8979,1.0
8981,1.0
8982,1.0
8983,1.0
8987,1.0
8998,1.0
9005,1.0
9008,1.0
9010,1.0
9018,1.0
25746,1.0
25750,1.0
25753,1.0
25757,1.0
25769,1.0
25771,1.0
25773,1.0
25788,1.0
25795,1.0
25797,1.0
25805,1.0
25825,1.0
25826,1.0
25827,1.0
25833,1.0
25834,1.0
25841,1.0
25850,1.0
25855,1.0
25856,1.0
25865,1.0
25870,1.0
25886,1.0
25887,1.0
25898,1.0
25905,1.0
25906,1.0
25923,1.0
25927,1.0
25940,1.0
25952,1.0
25959,1.0
25963,1.0
25996,1.0
25999,1.0
26002,1.0
26003,1.0
26038,1.0
26048,1.0
26052,1.0
26059,1.0
26073,1.0
26078,1.0
26082,1.0
26084,1.0
26095,1.0
26116,1.0
26122,1.0
26124,1.0
26131,1.0
26147,1.0
26150,1.0
26151,1.0
26152,1.0
26158,1.0
26159,1.0
26169,1.0
26172,1.0
26176,1.0
26183,1.0
26195,1.0
26225,1.0
26231,1.0
26237,1.0
26258,1.0
26283,1.0
26303,1.0
26308,1.0
26313,1.0
26317,1.0
26322,1.0
26326,1.0
26340,1.0
26344,1.0
26347,1.0
26350,1.0
26357,1.0
26359,1.0
26365,1.0
26366,1.0
26375,1.0
26391,1.0
26394,1.0
26409,1.0
26422,1.0
26429,1.0
26444,1.0
26453,1.0
26464,1.0
26467,1.0
26472,1.0
26492,1.0
26498,1.0
26523,1.0
26524,1.0
26527,1.0
26528,1.0
26539,1.0
26554,1.0
26562,1.0
26564,1.0
26578,1.0
26585,1.0
26587,1.0
26590,1.0
26593,1.0
26599,1.0
26603,1.0
26612,1.0
26614,1.0
26622,1.0
26630,1.0
26631,1.0
26649,1.0
26662,1.0
26680,1.0
26693,1.0
26694,1.0
26695,1.0
26700,1.0
26704,1.0
26712,1.0
26713,1.0
26717,1.0
26729,1.0
26736,1.0
26741,1.0
26743,1.0
26745,1.0
26750,1.0
26761,1.0
26764,1.0
26777,1.0
26782,1.0
26791,1.0
26792,1.0
26796,1.0
26797,1.0
26810,1.0
26812,1.0
26819,1.0
26838,1.0
26840,1.0
26849,1.0
26854,1.0
26871,1.0
26875,1.0
26887,1.0
26900,1.0
26903,1.0
26928,1.0
26947,1.0
26965,1.0
26974,1.0
26985,1.0
27002,1.0
27003,1.0
27006,1.0
27008,1.0
27020,1.0
27022,1.0
27032,1.0
27074,1.0
27105,1.0
27124,1.0
27134,1.0
27140,1.0
27155,1.0
27156,1.0
27176,1.0
27178,1.0
27246,1.0
27255,1.0
27266,1.0
27306,1.0
27317,1.0
27320,1.0
27329,1.0
27373,1.0
27397,1.0
27408,1.0
27416,1.0
27426,1.0
27434,1.0
27473,1.0
27480,1.0
27482,1.0
27491,1.0
27513,1.0
27523,1.0
27539,1.0
27592,1.0
27604,1.0
27611,1.0
27618,1.0
27627,1.0
27644,1.0
27660,1.0
27664,1.0
27667,1.0
27674,1.0
27683,1.0
27689,1.0
27692,1.0
27695,1.0
27704,1.0
27705,1.0
27716,1.0
27721,1.0
27722,1.0
27728,1.0
27741,1.0
27744,1.0
27746,1.0
27751,1.0
27768,1.0
27769,1.0
27772,1.0
27773,1.0
27776,1.0
27778,1.0
27784,1.0
27788,1.0
27790,1.0
27793,1.0
27802,1.0
27803,1.0
27808,1.0
27815,1.0
27816,1.0
27820,1.0
27821,1.0
27822,1.0
27826,1.0
27829,1.0
27830,1.0
27831,1.0
27834,1.0
27837,1.0
27838,1.0
27839,1.0
27846,1.0
27850,1.0
27865,1.0
27866,1.0
27873,1.0
27878,1.0
27879,1.0
27882,1.0
27899,1.0
27904,1.0
27905,1.0
27912,1.0
30707,1.0
30745,1.0
30749,1.0
30803,1.0
30812,1.0
30816,1.0
30818,1.0
30820,1.0
30822,1.0
30846,1.0
30848,1.0
30850,1.0
30890,1.0
30892,1.0
30894,1.0
30898,1.0
30994,1.0
31030,1.0
31038,1.0
31083,1.0
31086,1.0
31101,1.0
31114,1.0
31116,1.0
31123,1.0
31150,1.0
31162,1.0
31184,1.0
31193,1.0
31225,1.0
31260,1.0
31309,1.0
31364,1.0
31410,1.0
31420,1.0
31424,1.0
31427,1.0
31431,1.0
31433,1.0
31435,1.0
31437,1.0
31445,1.0
31522,1.0
31545,1.0
31553,1.0
31590,1.0
31610,1.0
31660,1.0
31685,1.0
31694,1.0
31700,1.0
31702,1.0
31737,1.0
31804,1.0
31903,1.0
31921,1.0
31923,1.0
31952,1.0
31973,1.0
32009,1.0
32011,1.0
32019,1.0
32022,1.0
32029,1.0
32031,1.0
32058,1.0
32060,1.0
32139,1.0
32179,1.0
32213,1.0
32234,1.0
32243,1.0
32289,1.0
32291,1.0
32294,1.0
32296,1.0
32298,1.0
32302,1.0
32371,1.0
32392,1.0
32456,1.0
32460,1.0
32469,1.0
32511,1.0
32515,1.0
32554,1.0
32582,1.0
32584,1.0
32587,1.0
32596,1.0
32598,1.0
32600,1.0
32620,1.0
32632,1.0
32649,1.0
32657,1.0
32728,1.0
32743,1.0
32770,1.0
32799,1.0
32862,1.0
32892,1.0
32898,1.0
32906,1.0
32914,1.0
32917,1.0
33004,1.0
33085,1.0
33124,1.0
33132,1.0
33138,1.0
33145,1.0
33148,1.0
33154,1.0
33158,1.0
33162,1.0
33164,1.0
33166,1.0
33171,1.0
33188,1.0
33201,1.0
33237,1.0
33294,1.0
33310,1.0
33421,1.0
33435,1.0
33437,1.0
33493,1.0
33499,1.0
33558,1.0
33639,1.0
33644,1.0
33646,1.0
33649,1.0
33660,1.0
33669,1.0
33672,1.0
33677,1.0
33681,1.0
33683,1.0
33725,1.0
33781,1.0
33801,1.0
33815,1.0
33826,1.0
33836,1.0
33838,1.0
33880,1.0
33893,1.0
33896,1.0
33903,1.0
34048,1.0
34072,1.0
34143,1.0
34148,1.0
34150,1.0
34153,1.0
34162,1.0
34164,1.0
34271,1.0
34292,1.0
34319,1.0
34323,1.0
34326,1.0
34330,1.0
34332,1.0
34334,1.0
34336,1.0
34397,1.0
34405,1.0
34437,1.0
34450,1.0
34482,1.0
34520,1.0
34523,1.0
34528,1.0
34532,1.0
34534,1.0
34540,1.0
34542,1.0
34811,1.0
35015,1.0
35347,1.0
35836,1.0
35957,1.0
36276,1.0
36363,1.0
36477,1.0
36509,1.0
36517,1.0
36519,1.0
36525,1.0
36527,1.0
36529,1.0
36533,1.0
36535,1.0
36537,1.0
36931,1.0
37240,1.0
37380,1.0
37382,1.0
37386,1.0
37444,1.0
37475,1.0
37477,1.0
37545,1.0
37720,1.0
37727,1.0
37729,1.0
37731,1.0
37733,1.0
37736,1.0
37739,1.0
37741,1.0
37830,1.0
37844,1.0
37857,1.0
38061,1.0
38095,1.0
38159,1.0
38164,1.0
38198,1.0
38294,1.0
38304,1.0
38388,1.0
38583,1.0
38798,1.0
38886,1.0
38992,1.0
39183,1.0
39231,1.0
39234,1.0
39292,1.0
39307,1.0
39381,1.0
39414,1.0
39427,1.0
39435,1.0
39444,1.0
39446,1.0
39449,1.0
39516,1.0
39869,1.0
40148,1.0
40339,1.0
40412,1.0
40414,1.0
40478,1.0
40491,1.0
40581,1.0
40583,1.0
40597,1.0
40614,1.0
40617,1.0
40629,1.0
40697,1.0
40723,1.0
40732,1.0
40815,1.0
40819,1.0
40826,1.0
40851,1.0
40870,1.0
40955,1.0
40962,1.0
40966,1.0
41014,1.0
41285,1.0
41527,1.0
41569,1.0
41571,1.0
41573,1.0
41617,1.0
41712,1.0
41716,1.0
41724,1.0
41769,1.0
41863,1.0
41997,1.0
42004,1.0
42007,1.0
42011,1.0
42018,1.0
42176,1.0
42191,1.0
42285,1.0
42422,1.0
42556,1.0
42559,1.0
42602,1.0
42632,1.0
42638,1.0
42723,1.0
42728,1.0
42730,1.0
42943,1.0
43289,1.0
43333,1.0
43376,1.0
43396,1.0
43419,1.0
43460,1.0
43549,1.0
43556,1.0
43558,1.0
43677,1.0
43679,1.0
43684,1.0
43744,1.0
43836,1.0
43871,1.0
43904,1.0
43908,1.0
43912,1.0
43914,1.0
43919,1.0
43921,1.0
43928,1.0
43930,1.0
43932,1.0
43936,1.0
44004,1.0
44020,1.0
44189,1.0
44191,1.0
44193,1.0
44195,1.0
44197,1.0
44199,1.0
44204,1.0
44301,1.0
44397,1.0
44511,1.0
44555,1.0
44597,1.0
44613,1.0
44633,1.0
44657,1.0
44665,1.0
44694,1.0
44709,1.0
44719,1.0
44731,1.0
44759,1.0
44761,1.0
44788,1.0
44849,1.0
44864,1.0
44889,1.0
44929,1.0
44931,1.0
44937,1.0
44943,1.0
44974,1.0
45028,1.0
45062,1.0
45081,1.0
45106,1.0
45175,1.0
45186,1.0
45210,1.0
45361,1.0
45382,1.0
45440,1.0
45442,1.0
45447,1.0
45499,1.0
45501,1.0
45503,1.0
45635,1.0
45648,1.0
45658,1.0
45662,1.0
45668,1.0
45720,1.0
45722,1.0
45730,1.0
45732,1.0
45880,1.0
45928,1.0
45950,1.0
45969,1.0
46062,1.0
46105,1.0
46231,1.0
46335,1.0
46347,1.0
46367,1.0
46530,1.0
46559,1.0
46572,1.0
46578,1.0
46664,1.0
46723,1.0
46850,1.0
46855,1.0
46862,1.0
46948,1.0
46965,1.0
46974,1.0
46976,1.0
47044,1.0
47099,1.0
47122,1.0
47202,1.0
47254,1.0
47261,1.0
47382,1.0
47384,1.0
47404,1.0
47423,1.0
47446,1.0
47465,1.0
47491,1.0
47516,1.0
47566,1.0
47610,1.0
47629,1.0
47644,1.0
47646,1.0
47721,1.0
47725,1.0
47793,1.0
47810,1.0
47894,1.0
47950,1.0
47970,1.0
47978,1.0
47997,1.0
47999,1.0
48001,1.0
48032,1.0
48043,1.0
48082,1.0
48142,1.0
48150,1.0
48161,1.0
48214,1.0
48262,1.0
48304,1.0
48319,1.0
48326,1.0
48342,1.0
48394,1.0
48412,1.0
48416,1.0
48516,1.0
48518,1.0
48560,1.0
48596,1.0
48598,1.0
48638,1.0
48649,1.0
48678,1.0
48696,1.0
48698,1.0
48738,1.0
48741,1.0
48744,1.0
48774,1.0
48780,1.0
48783,1.0
48872,1.0
48877,1.0
48879,1.0
48883,1.0
48997,1.0
49130,1.0
49132,1.0
49265,1.0
49272,1.0
49278,1.0
49280,1.0
49284,1.0
49286,1.0
49314,1.0
49347,1.0
49389,1.0
49524,1.0
49530,1.0
49647,1.0
49649,1.0
49666,1.0
49772,1.0
49793,1.0
49822,1.0
49824,1.0
49910,1.0
49917,1.0
49932,1.0
49957,1.0
49961,1.0
50003,1.0
50064,1.0
50068,1.0
50158,1.0
50160,1.0
50189,1.0
50274,1.0
50440,1.0
50442,1.0
50514,1.0
50613,1.0
50658,1.0
50685,1.0
50740,1.0
50792,1.0
50794,1.0
50796,1.0
50800,1.0
50802,1.0
50804,1.0
50806,1.0
50842,1.0
50851,1.0
50872,1.0
50923,1.0
50954,1.0
51024,1.0
51037,1.0
51080,1.0
51082,1.0
51084,1.0
51086,1.0
51091,1.0
51167,1.0
51174,1.0
51255,1.0
51357,1.0
51412,1.0
51471,1.0
51540,1.0
51562,1.0
51573,1.0
51666,1.0
51694,1.0
51705,1.0
51834,1.0
51884,1.0
51903,1.0
51925,1.0
51927,1.0
51931,1.0
51933,1.0
51935,1.0
51937,1.0
51939,1.0
52042,1.0
52241,1.0
52245,1.0
52283,1.0
52287,1.0
52299,1.0
52319,1.0
52328,1.0
52375,1.0
52458,1.0
52462,1.0
52579,1.0
52604,1.0
52644,1.0
52668,1.0
52712,1.0
52722,1.0
52724,1.0
52767,1.0
52784,1.0
52831,1.0
52867,1.0
52885,1.0
52952,1.0
52967,1.0
52973,1.0
52975,1.0
53000,1.0
53022,1.0
53024,1.0
53123,1.0
53125,1.0
53127,1.0
53129,1.0
53138,1.0
53280,1.0
53318,1.0
53322,1.0
53326,1.0
53355,1.0
53435,1.0
53447,1.0
53453,1.0
53464,1.0
53550,1.0
53574,1.0
53883,1.0
53894,1.0
53921,1.0
53953,1.0
53974,1.0
53996,1.0
54001,1.0
54004,1.0
54116,1.0
54121,1.0
54185,1.0
54190,1.0
54274,1.0
54276,1.0
54281,1.0
54286,1.0
54354,1.0
54372,1.0
54686,1.0
54736,1.0
54745,1.0
54771,1.0
54780,1.0
54785,1.0
54787,1.0
54796,1.0
54881,1.0
54962,1.0
54995,1.0
54997,1.0
54999,1.0
55036,1.0
55052,1.0
55061,1.0
55067,1.0
55069,1.0
55071,1.0
55080,1.0
55094,1.0
55110,1.0
55112,1.0
55118,1.0
55156,1.0
55167,1.0
55190,1.0
55205,1.0
55207,1.0
55232,1.0
55245,1.0
55247,1.0
55253,1.0
55259,1.0
55261,1.0
55267,1.0
55269,1.0
55272,1.0
55274,1.0
55276,1.0
55278,1.0
55280,1.0
55282,1.0
55290,1.0
55294,1.0
55363,1.0
55391,1.0
55442,1.0
55444,1.0
55451,1.0
55492,1.0
55555,1.0
55577,1.0
55620,1.0
55687,1.0
55721,1.0
55765,1.0
55805,1.0
55814,1.0
55820,1.0
55844,1.0
55854,1.0
55872,1.0
55908,1.0
55946,1.0
55995,1.0
56022,1.0
56060,1.0
56145,1.0
56156,1.0
56169,1.0
56174,1.0
56274,1.0
56286,1.0
56333,1.0
56339,1.0
56367,1.0
56379,1.0
56389,1.0
56563,1.0
56587,1.0
56607,1.0
56620,1.0
56715,1.0
56757,1.0
56775,1.0
56782,1.0
56788,1.0
56801,1.0
56837,1.0
56908,1.0
56921,1.0
56941,1.0
56949,1.0
57147,1.0
57183,1.0
57243,1.0
57274,1.0
57326,1.0
57368,1.0
57499,1.0
57502,1.0
57522,1.0
57526,1.0
57528,1.0
57637,1.0
57640,1.0
57669,1.0
57772,1.0
57843,1.0
58025,1.0
58047,1.0
58078,1.0
58103,1.0
58105,1.0
58107,1.0
58154,1.0
58162,1.0
58191,1.0
58287,1.0
58295,1.0
58297,1.0
58301,1.0
58303,1.0
58306,1.0
58309,1.0
58332,1.0
58347,1.0
58351,1.0
58376,1.0
58404,1.0
58425,1.0
58492,1.0
58554,1.0
58783,1.0
58803,1.0
58806,1.0
58826,1.0
58839,1.0
58876,1.0
58879,1.0
58964,1.0
58975,1.0
58998,1.0
59014,1.0
59016,1.0
59018,1.0
59037,1.0
59103,1.0
59118,1.0
59131,1.0
59141,1.0
59220,1.0
59295,1.0
59306,1.0
59333,1.0
59369,1.0
59387,1.0
59421,1.0
59440,1.0
59549,1.0
59604,1.0
59615,1.0
59725,1.0
59727,1.0
59731,1.0
59738,1.0
59810,1.0
59814,1.0
59915,1.0
59985,1.0
59995,1.0
60030,1.0
60037,1.0
60040,1.0
60046,1.0
60289,1.0
60291,1.0
60293,1.0
60303,1.0
60333,1.0
60389,1.0
60397,1.0
60471,1.0
60514,1.0
60516,1.0
60522,1.0
60538,1.0
60647,1.0
60674,1.0
60684,1.0
60735,1.0
60737,1.0
60753,1.0
60760,1.0
60766,1.0
60803,1.0
60818,1.0
60832,1.0
60857,1.0
60885,1.0
60894,1.0
60904,1.0
60937,1.0
60941,1.0
60943,1.0
60950,1.0
60979,1.0
61011,1.0
61024,1.0
61026,1.0
61073,1.0
61123,1.0
61132,1.0
61160,1.0
61167,1.0
61210,1.0
61236,1.0
61240,1.0
61248,1.0
61257,1.0
61262,1.0
61319,1.0
61323,1.0
61350,1.0
61352,1.0
61401,1.0
61406,1.0
61465,1.0
61628,1.0
61692,1.0
61697,1.0
61705,1.0
61729,1.0
61818,1.0
61986,1.0
62081,1.0
62155,1.0
62208,1.0
62250,1.0
62293,1.0
62344,1.0
62374,1.0
62383,1.0
62394,1.0
62434,1.0
62437,1.0
62439,1.0
62511,1.0
62553,1.0
62644,1.0
62662,1.0
62718,1.0
62792,1.0
62799,1.0
62834,1.0
62836,1.0
62849,1.0
62956,1.0
62999,1.0
63033,1.0
63062,1.0
63072,1.0
63082,1.0
63113,1.0
63179,1.0
63222,1.0
63312,1.0
63393,1.0
63433,1.0
63436,1.0
63515,1.0
63768,1.0
63808,1.0
63853,1.0
63859,1.0
63876,1.0
63992,1.0
64010,1.0
64034,1.0
64114,1.0
64197,1.0
64231,1.0
64278,1.0
64497,1.0
64499,1.0
64501,1.0
64575,1.0
64614,1.0
64620,1.0
64622,1.0
64695,1.0
64716,1.0
64839,1.0
64957,1.0
64983,1.0
64993,1.0
64997,1.0
65037,1.0
65126,1.0
65130,1.0
65188,1.0
65193,1.0
65216,1.0
65225,1.0
65230,1.0
65359,1.0
65585,1.0
65588,1.0
65596,1.0
65601,1.0
65642,1.0
65740,1.0
65802,1.0
65810,1.0
65882,1.0
65982,1.0
66090,1.0
66097,1.0
66171,1.0
66198,1.0
66203,1.0
66297,1.0
66310,1.0
66320,1.0
66335,1.0
66371,1.0
66509,1.0
66511,1.0
66544,1.0
66665,1.0
66744,1.0
66783,1.0
66785,1.0
66934,1.0
66943,1.0
67186,1.0
67197,1.0
67255,1.0
67267,1.0
67408,1.0
67508,1.0
67618,1.0
67665,1.0
67734,1.0
67788,1.0
67799,1.0
67923,1.0
68073,1.0
68135,1.0
68159,1.0
68194,1.0
68205,1.0
68237,1.0
68269,1.0
68319,1.0
68347,1.0
68480,1.0
68522,1.0
68536,1.0
68552,1.0
68554,1.0
68597,1.0
68650,1.0
68659,1.0
68791,1.0
68848,1.0
68872,1.0
68886,1.0
68932,1.0
68945,1.0
68959,1.0
69118,1.0
69122,1.0
69131,1.0
69134,1.0
69140,1.0
69224,1.0
69251,1.0
69275,1.0
69278,1.0
69304,1.0
69306,1.0
69394,1.0
69406,1.0
69469,1.0
69481,1.0
69495,1.0
69516,1.0
69524,1.0
69526,1.0
69529,1.0
69604,1.0
69606,1.0
69640,1.0
69654,1.0
69712,1.0
69720,1.0
69746,1.0
69757,1.0
69805,1.0
69849,1.0
69860,1.0
69904,1.0
69951,1.0
69953,1.0
70015,1.0
70159,1.0
70183,1.0
70206,1.0
70208,1.0
70286,1.0
70293,1.0
70301,1.0
70305,1.0
70334,1.0
70336,1.0
70492,1.0
70521,1.0
70533,1.0
70599,1.0
70637,1.0
70663,1.0
70687,1.0
70697,1.0
70708,1.0
70862,1.0
70946,1.0
70990,1.0
70994,1.0
71033,1.0
71108,1.0
71129,1.0
71131,1.0
71135,1.0
71147,1.0
71156,1.0
71160,1.0
71211,1.0
71252,1.0
71254,1.0
71264,1.0
71268,1.0
71282,1.0
71304,1.0
71327,1.0
71341,1.0
71379,1.0
71429,1.0
71438,1.0
71453,1.0
71462,1.0
71464,1.0
71466,1.0
71468,1.0
71484,1.0
71494,1.0
71518,1.0
71530,1.0
71550,1.0
71579,1.0
71619,1.0
71640,1.0
71668,1.0
71745,1.0
71810,1.0
71823,1.0
71838,1.0
71867,1.0
71899,1.0
71902,1.0
71999,1.0
72011,1.0
72104,1.0
72129,1.0
72142,1.0
72165,1.0
72167,1.0
72178,1.0
72226,1.0
72294,1.0
72330,1.0
72378,1.0
72395,1.0
72405,1.0
72407,1.0
72479,1.0
72489,1.0
72601,1.0
72603,1.0
72605,1.0
72624,1.0
72641,1.0
72694,1.0
72701,1.0
72714,1.0
72720,1.0
72731,1.0
72733,1.0
72919,1.0
72982,1.0
72998,1.0
73015,1.0
73017,1.0
73023,1.0
73211,1.0
73266,1.0
73268,1.0
73290,1.0
73319,1.0
73321,1.0
73323,1.0
73344,1.0
73386,1.0
73431,1.0
73499,1.0
73515,1.0
73569,1.0
73676,1.0
73681,1.0
73741,1.0
73808,1.0
73822,1.0
73876,1.0
73881,1.0
74089,1.0
74095,1.0
74154,1.0
74226,1.0
74228,1.0
74275,1.0
74282,1.0
74324,1.0
74342,1.0
74370,1.0
74450,1.0
74452,1.0
74458,1.0
74508,1.0
74510,1.0
74532,1.0
74545,1.0
74553,1.0
74668,1.0
74677,1.0
74685,1.0
74688,1.0
74696,1.0
74727,1.0
74750,1.0
74754,1.0
74791,1.0
74795,1.0
74851,1.0
74868,1.0
74916,1.0
74948,1.0
75341,1.0
75389,1.0
75395,1.0
75416,1.0
75446,1.0
75813,1.0
75947,1.0
75985,1.0
76030,1.0
76054,1.0
76091,1.0
76143,1.0
76173,1.0
76175,1.0
76301,1.0
76738,1.0
76743,1.0
76751,1.0
76763,1.0
77177,1.0
77266,1.0
77364,1.0
77414,1.0
77421,1.0
77427,1.0
77561,1.0
77709,1.0
77795,1.0
77798,1.0
77800,1.0
77846,1.0
77881,1.0
78034,1.0
78039,1.0
78088,1.0
78103,1.0
78116,1.0
78142,1.0
78174,1.0
78218,1.0
78264,1.0
78266,1.0
78316,1.0
78349,1.0
78467,1.0
78469,1.0
78574,1.0
78703,1.0
78746,1.0
78836,1.0
78893,1.0
78959,1.0
79006,1.0
79057,1.0
79073,1.0
79091,1.0
79139,1.0
79242,1.0
79251,1.0
79259,1.0
79299,1.0
79357,1.0
79501,1.0
79536,1.0
79590,1.0
79677,1.0
79684,1.0
79695,1.0
79798,1.0
79868,1.0
79895,1.0
79897,1.0
79946,1.0
80083,1.0
80094,1.0
80124,1.0
80126,1.0
80166,1.0
80241,1.0
80363,1.0
80454,1.0
80463,1.0
80478,1.0
80489,1.0
80549,1.0
80551,1.0
80553,1.0
80572,1.0
80584,1.0
80586,1.0
80590,1.0
80693,1.0
80727,1.0
80831,1.0
80834,1.0
80839,1.0
80846,1.0
80860,1.0
80862,1.0
80864,1.0
80880,1.0
80906,1.0
80917,1.0
80969,1.0
81018,1.0
81087,1.0
81132,1.0
81158,1.0
81191,1.0
81257,1.0
81383,1.0
81417,1.0
81456,1.0
81512,1.0
81520,1.0
81535,1.0
81562,1.0
81564,1.0
81591,1.0
81681,1.0
81782,1.0
81784,1.0
81786,1.0
81788,1.0
81791,1.0
81819,1.0
81831,1.0
81834,1.0
81845,1.0
81847,1.0
81910,1.0
81932,1.0
81949,1.0
82041,1.0
82053,1.0
82088,1.0
82095,1.0
82152,1.0
82167,1.0
82202,1.0
82378,1.0
82459,1.0
82461,1.0
82499,1.0
82527,1.0
82534,1.0
82667,1.0
82684,1.0
82744,1.0
82767,1.0
83086,1.0
83132,1.0
83270,1.0
83369,1.0
83480,1.0
83601,1.0
83613,1.0
83796,1.0
83803,1.0
83827,1.0
83910,1.0
83969,1.0
83976,1.0
84152,1.0
84156,1.0
84187,1.0
84189,1.0
84240,1.0
84246,1.0
84273,1.0
84374,1.0
84392,1.0
84414,1.0
84523,1.0
84601,1.0
84716,1.0
84772,1.0
84799,1.0
84844,1.0
84847,1.0
84944,1.0
84950,1.0
84952,1.0
85020,1.0
85025,1.0
85056,1.0
85131,1.0
85179,1.0
85213,1.0
85259,1.0
85261,1.0
85316,1.0
85342,1.0
85354,1.0
85367,1.0
85394,1.0
85397,1.0
85401,1.0
85412,1.0
85414,1.0
85438,1.0
85565,1.0
85774,1.0
85788,1.0
85881,1.0
85885,1.0
86000,1.0
86028,1.0
86068,1.0
86190,1.0
86237,1.0
86279,1.0
86320,1.0
86332,1.0
86355,1.0
86487,1.0
86504,1.0
86548,1.0
86628,1.0
86644,1.0
86668,1.0
86721,1.0
86781,1.0
86817,1.0
86835,1.0
86880,1.0
86882,1.0
86892,1.0
86898,1.0
86960,1.0
87028,1.0
87192,1.0
87194,1.0
87222,1.0
87232,1.0
87234,1.0
87287,1.0
87298,1.0
87304,1.0
87306,1.0
87413,1.0
87430,1.0
87520,1.0
87522,1.0
87529,1.0
87660,1.0
87785,1.0
87834,1.0
87869,1.0
87960,1.0
88069,1.0
88094,1.0
88125,1.0
88129,1.0
88140,1.0
88163,1.0
88179,1.0
88235,1.0
88272,1.0
88405,1.0
88448,1.0
88515,1.0
88593,1.0
88697,1.0
88699,1.0
88744,1.0
88810,1.0
88812,1.0
88932,1.0
89028,1.0
89039,1.0
89047,1.0
89072,1.0
89085,1.0
89087,1.0
89090,1.0
89118,1.0
89190,1.0
89208,1.0
89343,1.0
89386,1.0
89427,1.0
89470,1.0
89492,1.0
89580,1.0
89582,1.0
89678,1.0
89745,1.0
89753,1.0
89759,1.0
89761,1.0
89774,1.0
89804,1.0
89837,1.0
89862,1.0
89864,1.0
89898,1.0
89904,1.0
89945,1.0
90057,1.0
90245,1.0
90249,1.0
90343,1.0
90345,1.0
90353,1.0
90357,1.0
90374,1.0
90376,1.0
90403,1.0
90405,1.0
90428,1.0
90430,1.0
90439,1.0
90469,1.0
90471,1.0
90524,1.0
90528,1.0
90531,1.0
90576,1.0
90600,1.0
90603,1.0
90630,1.0
90717,1.0
90719,1.0
90738,1.0
90769,1.0
90809,1.0
90863,1.0
90866,1.0
90943,1.0
90945,1.0
91077,1.0
91079,1.0
91126,1.0
91128,1.0
91261,1.0
91266,1.0
91325,1.0
91337,1.0
91414,1.0
91483,1.0
91485,1.0
91488,1.0
91500,1.0
91535,1.0
91571,1.0
91622,1.0
91628,1.0
91630,1.0
91653,1.0
91658,1.0
91660,1.0
91666,1.0
91784,1.0
91842,1.0
91860,1.0
91869,1.0
91890,1.0
91935,1.0
91978,1.0
91981,1.0
92048,1.0
92094,1.0
92192,1.0
92198,1.0
92234,1.0
92243,1.0
92259,1.0
92264,1.0
92309,1.0
92391,1.0
92420,1.0
92422,1.0
92439,1.0
92475,1.0
92507,1.0
92509,1.0
92637,1.0
92643,1.0
92665,1.0
92674,1.0
92681,1.0
92694,1.0
92730,1.0
92760,1.0
92954,1.0
93022,1.0
93040,1.0
93114,1.0
93139,1.0
93193,1.0
93208,1.0
93242,1.0
93272,1.0
93320,1.0
93363,1.0
93443,1.0
93502,1.0
93512,1.0
93563,1.0
93598,1.0
93610,1.0
93721,1.0
93723,1.0
93740,1.0
93766,1.0
93790,1.0
93805,1.0
93819,1.0
93838,1.0
93855,1.0
93982,1.0
93988,1.0
94018,1.0
94070,1.0
94122,1.0
94130,1.0
94150,1.0
94262,1.0
94266,1.0
94325,1.0
94405,1.0
94494,1.0
94503,1.0
94661,1.0
94735,1.0
94777,1.0
94780,1.0
94799,1.0
94810,1.0
94864,1.0
94867,1.0
94896,1.0
94919,1.0
94931,1.0
94959,1.0
94985,1.0
95067,1.0
95088,1.0
95135,1.0
95145,1.0
95147,1.0
95163,1.0
95165,1.0
95167,1.0
95170,1.0
95175,1.0
95182,1.0
95199,1.0
95218,1.0
95307,1.0
95309,1.0
95449,1.0
95473,1.0
95475,1.0
95497,1.0
95499,1.0
95508,1.0
95519,1.0
95558,1.0
95583,1.0
95624,1.0
95633,1.0
95654,1.0
95738,1.0
95761,1.0
95771,1.0
95780,1.0
95796,1.0
95839,1.0
95843,1.0
95873,1.0
95875,1.0
95939,1.0
95965,1.0
96004,1.0
96007,1.0
96020,1.0
96079,1.0
96084,1.0
96114,1.0
96121,1.0
96150,1.0
96373,1.0
96411,1.0
96430,1.0
96432,1.0
96471,1.0
96488,1.0
96518,1.0
96520,1.0
96530,1.0
96563,1.0
96567,1.0
96606,1.0
96655,1.0
96691,1.0
96726,1.0
96728,1.0
96737,1.0
96811,1.0
96815,1.0
96829,1.0
96832,1.0
96861,1.0
96917,1.0
96935,1.0
96945,1.0
96964,1.0
96975,1.0
97024,1.0
97168,1.0
97188,1.0
97194,1.0
97230,1.0
97285,1.0
97304,1.0
97306,1.0
97328,1.0
97470,1.0
97643,1.0
97701,1.0
97742,1.0
97752,1.0
97757,1.0
97785,1.0
97858,1.0
97860,1.0
97866,1.0
97870,1.0
97904,1.0
97921,1.0
97923,1.0
97936,1.0
97938,1.0
97950,1.0
97988,1.0
98061,1.0
98122,1.0
98124,1.0
98154,1.0
98175,1.0
98230,1.0
98296,1.0
98361,1.0
98491,1.0
98585,1.0
98604,1.0
98607,1.0
98623,1.0
98836,1.0
98908,1.0
98961,1.0
99005,1.0
99007,1.0
99030,1.0
99087,1.0
99112,1.0
99117,1.0
99145,1.0
99149,1.0
99191,1.0
99532,1.0
99574,1.0
99636,1.0
99721,1.0
99728,1.0
99750,1.0
99764,1.0
99846,1.0
99910,1.0
99992,1.0
100044,1.0
100106,1.0
100226,1.0
100277,1.0
100302,1.0
100306,1.0
100326,1.0
100383,1.0
100390,1.0
100397,1.0
100487,1.0
100498,1.0
100527,1.0
100553,1.0
100556,1.0
100579,1.0
100611,1.0
100714,1.0
100737,1.0
100810,1.0
100843,1.0
101070,1.0
101076,1.0
101088,1.0
101112,1.0
101360,1.0
101415,1.0
101525,1.0
101531,1.0
101612,1.0
101739,1.0
101741,1.0
101864,1.0
101884,1.0
101895,1.0
101962,1.0
101973,1.0
102007,1.0
102025,1.0
102033,1.0
102058,1.0
102066,1.0
102125,1.0
102165,1.0
102194,1.0
102278,1.0
102338,1.0
102378,1.0
102407,1.0
102445,1.0
102590,1.0
102684,1.0
102716,1.0
102742,1.0
102749,1.0
102760,1.0
102800,1.0
102802,1.0
102819,1.0
102823,1.0
102852,1.0
102880,1.0
102903,1.0
102984,1.0
102993,1.0
103027,1.0
103042,1.0
103075,1.0
103107,1.0
103137,1.0
103210,1.0
103219,1.0
103221,1.0
103228,1.0
103233,1.0
103235,1.0
103245,1.0
103253,1.0
103339,1.0
103341,1.0
103366,1.0
103372,1.0
103384,1.0
103449,1.0
103483,1.0
103502,1.0
103539,1.0
103543,1.0
103596,1.0
103606,1.0
103624,1.0
103685,1.0
103688,1.0
103772,1.0
103801,1.0
103865,1.0
103883,1.0
103980,1.0
103984,1.0
104017,1.0
104141,1.0
104211,1.0
104241,1.0
104243,1.0
104272,1.0
104283,1.0
104303,1.0
104337,1.0
104374,1.0
104419,1.0
104457,1.0
104760,1.0
104837,1.0
104841,1.0
104863,1.0
104875,1.0
104879,1.0
104906,1.0
104908,1.0
104925,1.0
104944,1.0
105020,1.0
105197,1.0
105211,1.0
105213,1.0
105246,1.0
105250,1.0
105351,1.0
105355,1.0
105504,1.0
105585,1.0
105593,1.0
105720,1.0
105731,1.0
105746,1.0
105755,1.0
105801,1.0
105835,1.0
105844,1.0
105954,1.0
106002,1.0
106072,1.0
106100,1.0
106144,1.0
106330,1.0
106438,1.0
106441,1.0
106487,1.0
106491,1.0
106594,1.0
106642,1.0
106648,1.0
106766,1.0
106782,1.0
106785,1.0
106839,1.0
106883,1.0
106889,1.0
106916,1.0
106918,1.0
106920,1.0
106927,1.0
107013,1.0
107069,1.0
107141,1.0
107338,1.0
107406,1.0
107408,1.0
107410,1.0
107412,1.0
107436,1.0
107447,1.0
107462,1.0
107723,1.0
107771,1.0
107780,1.0
107846,1.0
107945,1.0
107951,1.0
107997,1.0
107999,1.0
108078,1.0
108090,1.0
108188,1.0
108190,1.0
108192,1.0
108601,1.0
108689,1.0
108715,1.0
108727,1.0
108729,1.0
108795,1.0
108949,1.0
108981,1.0
109161,1.0
109187,1.0
109191,1.0
109241,1.0
109282,1.0
109295,1.0
109372,1.0
109374,1.0
109383,1.0
109483,1.0
109569,1.0
109596,1.0
109687,1.0
109723,1.0
109848,1.0
109850,1.0
109853,1.0
109864,1.0
109897,1.0
110102,1.0
110127,1.0
110281,1.0
110286,1.0
110297,1.0
110330,1.0
110350,1.0
110387,1.0
110501,1.0
110553,1.0
110586,1.0
110591,1.0
110603,1.0
110611,1.0
110730,1.0
110771,1.0
110826,1.0
110882,1.0
111146,1.0
111360,1.0
111362,1.0
111364,1.0
111384,1.0
111551,1.0
111622,1.0
111659,1.0
111680,1.0
111732,1.0
111781,1.0
111785,1.0
111795,1.0
111817,1.0
111913,1.0
111921,1.0
112070,1.0
112138,1.0
112171,1.0
112175,1.0
112183,1.0
112290,1.0
112303,1.0
112316,1.0
112326,1.0
112334,1.0
112370,1.0
112421,1.0
112450,1.0
112454,1.0
112512,1.0
112515,1.0
112552,1.0
112556,1.0
112580,1.0
112623,1.0
112727,1.0
112749,1.0
112804,1.0
112868,1.0
112897,1.0
112911,1.0
112940,1.0
113159,1.0
113186,1.0
113207,1.0
113225,1.0
113275,1.0
113278,1.0
113280,1.0
113313,1.0
113345,1.0
113348,1.0
113350,1.0
113378,1.0
113394,1.0
113416,1.0
113453,1.0
113565,1.0
113573,1.0
113604,1.0
113705,1.0
113741,1.0
113780,1.0
113829,1.0
113849,1.0
113862,1.0
114028,1.0
114044,1.0
114060,1.0
114066,1.0
114074,1.0
114126,1.0
114180,1.0
114184,1.0
114246,1.0
114265,1.0
114335,1.0
114396,1.0
114494,1.0
114554,1.0
114601,1.0
114627,1.0
114670,1.0
114678,1.0
114707,1.0
114713,1.0
114762,1.0
114818,1.0
114847,1.0
114925,1.0
114935,1.0
115151,1.0
115170,1.0
115203,1.0
115216,1.0
115502,1.0
115569,1.0
115667,1.0
115680,1.0
115713,1.0
115727,1.0
115969,1.0
116044,1.0
116138,1.0
116207,1.0
116411,1.0
116413,1.0
116419,1.0
116724,1.0
116797,1.0
116799,1.0
116817,1.0
116849,1.0
116887,1.0
116897,1.0
116985,1.0
117107,1.0
117133,1.0
117176,1.0
117192,1.0
117364,1.0
117444,1.0
117466,1.0
117529,1.0
117531,1.0
117533,1.0
117545,1.0
117590,1.0
117630,1.0
117867,1.0
117881,1.0
118082,1.0
118166,1.0
118198,1.0
118248,1.0
118290,1.0
118326,1.0
118354,1.0
118572,1.0
118700,1.0
118702,1.0
118706,1.0
118784,1.0
118814,1.0
118862,1.0
118894,1.0
118896,1.0
118900,1.0
118985,1.0
119068,1.0
119167,1.0
119218,1.0
119828,1.0
120130,1.0
120138,1.0
120478,1.0
120625,1.0
120635,1.0
120637,1.0
120761,1.0
120783,1.0
120799,1.0
120827,1.0
121035,1.0
121099,1.0
121169,1.0
121171,1.0
121231,1.0
121253,1.0
121342,1.0
122260,1.0
122433,1.0
122490,1.0
122627,1.0
122882,1.0
122884,1.0
122886,1.0
122888,1.0
122890,1.0
122892,1.0
122896,1.0
122898,1.0
122900,1.0
122902,1.0
122906,1.0
122912,1.0
122916,1.0
122918,1.0
122920,1.0
122922,1.0
122924,1.0
122926,1.0
122932,1.0
123545,1.0
123553,1.0
123947,1.0
124484,1.0
124851,1.0
124853,1.0
124859,1.0
125221,1.0
125916,1.0
126090,1.0
126426,1.0
126430,1.0
126482,1.0
127096,1.0
127108,1.0
127114,1.0
127116,1.0
127132,1.0
127134,1.0
127136,1.0
127146,1.0
127152,1.0
127164,1.0
127172,1.0
127180,1.0
127184,1.0
127198,1.0
127202,1.0
127212,1.0
127298,1.0
127319,1.0
127323,1.0
128197,1.0
128360,1.0
128488,1.0
128512,1.0
128542,1.0
128592,1.0
128594,1.0
128620,1.0
128695,1.0
128736,1.0
128832,1.0
128838,1.0
128842,1.0
128900,1.0
128902,1.0
128908,1.0
128944,1.0
129229,1.0
129250,1.0
129333,1.0
129354,1.0
129397,1.0
129428,1.0
129659,1.0
129779,1.0
129937,1.0
130050,1.0
130052,1.0
130073,1.0
130083,1.0
130087,1.0
130452,1.0
130482,1.0
130490,1.0
130518,1.0
130520,1.0
130576,1.0
130634,1.0
130840,1.0
130842,1.0
130976,1.0
130978,1.0
131013,1.0
131023,1.0
131104,1.0
131439,1.0
131480,1.0
131714,1.0
131724,1.0
131739,1.0
131796,1.0
131920,1.0
132046,1.0
132084,1.0
132153,1.0
132157,1.0
132333,1.0
132335,1.0
132362,1.0
132422,1.0
132424,1.0
132454,1.0
132462,1.0
132488,1.0
132496,1.0
132618,1.0
132660,1.0
132796,1.0
132800,1.0
133115,1.0
133195,1.0
133217,1.0
133281,1.0
133365,1.0
133377,1.0
133545,1.0
133645,1.0
133712,1.0
133716,1.0
133780,1.0
133782,1.0
133832,1.0
133867,1.0
134004,1.0
134019,1.0
134021,1.0
134041,1.0
134095,1.0
134130,1.0
134158,1.0
134170,1.0
134214,1.0
134248,1.0
134252,1.0
134368,1.0
134393,1.0
134515,1.0
134524,1.0
134528,1.0
134775,1.0
134796,1.0
134853,1.0
134859,1.0
134861,1.0
134881,1.0
135137,1.0
135143,1.0
135198,1.0
135216,1.0
135288,1.0
135518,1.0
135532,1.0
135567,1.0
135569,1.0
135787,1.0
136018,1.0
136020,1.0
136024,1.0
136305,1.0
136449,1.0
136556,1.0
136562,1.0
136564,1.0
136602,1.0
136654,1.0
136664,1.0
136778,1.0
136786,1.0
136800,1.0
136834,1.0
136838,1.0
136840,1.0
136850,1.0
136864,1.0
136958,1.0
137218,1.0
137337,1.0
137345,1.0
137517,1.0
137595,1.0
137857,1.0
137859,1.0
137863,1.0
138036,1.0
138186,1.0
138208,1.0
138210,1.0
138396,1.0
138610,1.0
138632,1.0
138702,1.0
138966,1.0
139052,1.0
139130,1.0
139385,1.0
139415,1.0
139511,1.0
139640,1.0
139644,1.0
139655,1.0
139717,1.0
139857,1.0
139859,1.0
139915,1.0
140016,1.0
140162,1.0
140174,1.0
140237,1.0
140247,1.0
140267,1.0
140289,1.0
140301,1.0
140525,1.0
140627,1.0
140711,1.0
140715,1.0
140725,1.0
140816,1.0
140850,1.0
140852,1.0
140928,1.0
140956,1.0
141004,1.0
141131,1.0
141422,1.0
141544,1.0
141646,1.0
141668,1.0
141688,1.0
141749,1.0
141810,1.0
141818,1.0
141846,1.0
141866,1.0
141890,1.0
142056,1.0
142074,1.0
142115,1.0
142222,1.0
142366,1.0
142372,1.0
142420,1.0
142424,1.0
142448,1.0
142456,1.0
142488,1.0
142507,1.0
142509,1.0
142536,1.0
142598,1.0
142961,1.0
143001,1.0
143031,1.0
143245,1.0
143255,1.0
143257,1.0
143355,1.0
143365,1.0
143367,1.0
143385,1.0
143410,1.0
143458,1.0
143511,1.0
143525,1.0
143559,1.0
143896,1.0
144210,1.0
144262,1.0
144352,1.0
144478,1.0
144606,1.0
144714,1.0
144976,1.0
145080,1.0
145150,1.0
145283,1.0
145418,1.0
145491,1.0
145724,1.0
145745,1.0
145839,1.0
146024,1.0
146028,1.0
146244,1.0
146309,1.0
146656,1.0
146682,1.0
146688,1.0
146730,1.0
147002,1.0
147196,1.0
147250,1.0
147286,1.0
147300,1.0
147326,1.0
147328,1.0
147330,1.0
147372,1.0
147374,1.0
147376,1.0
147378,1.0
147380,1.0
147382,1.0
147384,1.0
147410,1.0
147662,1.0
147936,1.0
148166,1.0
148172,1.0
148424,1.0
148482,1.0
148626,1.0
148671,1.0
148675,1.0
148709,1.0
148775,1.0
148956,1.0
148978,1.0
148982,1.0
149011,1.0
149144,1.0
149146,1.0
149330,1.0
149334,1.0
149406,1.0
149508,1.0
149566,1.0
149590,1.0
149612,1.0
149830,1.0
149902,1.0
150254,1.0
150401,1.0
150548,1.0
150596,1.0
150696,1.0
151479,1.0
151501,1.0
151557,1.0
151559,1.0
151653,1.0
151687,1.0
151695,1.0
151745,1.0
151759,1.0
151763,1.0
151769,1.0
151777,1.0
152037,1.0
152065,1.0
152071,1.0
152077,1.0
152079,1.0
152081,1.0
152085,1.0
152173,1.0
152270,1.0
152284,1.0
152372,1.0
152658,1.0
152711,1.0
153070,1.0
153236,1.0
153408,1.0
154358,1.0
155064,1.0
155288,1.0
155358,1.0
155589,1.0
155659,1.0
156387,1.0
156553,1.0
156605,1.0
156607,1.0
156675,1.0
156706,1.0
156726,1.0
157110,1.0
157122,1.0
157130,1.0
157200,1.0
157369,1.0
157407,1.0
157432,1.0
157699,1.0
157865,1.0
158027,1.0
158238,1.0
158388,1.0
158528,1.0
158721,1.0
158783,1.0
158830,1.0
158842,1.0
158882,1.0
158956,1.0
158966,1.0
158972,1.0
159061,1.0
159077,1.0
159093,1.0
159161,1.0
159193,1.0
159415,1.0
159510,1.0
159690,1.0
159717,1.0
159779,1.0
159811,1.0
159817,1.0
159858,1.0
159976,1.0
160080,1.0
160289,1.0
160400,1.0
160422,1.0
160440,1.0
160527,1.0
160563,1.0
160565,1.0
160571,1.0
160644,1.0
160646,1.0
160718,1.0
160730,1.0
160836,1.0
160848,1.0
160872,1.0
160954,1.0
160978,1.0
160980,1.0
161008,1.0
161044,1.0
161127,1.0
161354,1.0
161582,1.0
161634,1.0
161830,1.0
161918,1.0
161966,1.0
162414,1.0
162478,1.0
162590,1.0
162598,1.0
162600,1.0
162602,1.0
162606,1.0
162828,1.0
162982,1.0
163056,1.0
163072,1.0
163112,1.0
163134,1.0
163386,1.0
163639,1.0
163645,1.0
163809,1.0
163937,1.0
163981,1.0
163985,1.0
164179,1.0
164226,1.0
164280,1.0
164367,1.0
164540,1.0
164647,1.0
164655,1.0
164707,1.0
164881,1.0
164909,1.0
164917,1.0
165075,1.0
165101,1.0
165347,1.0
165489,1.0
165529,1.0
165549,1.0
165551,1.0
165635,1.0
165671,1.0
165843,1.0
165959,1.0
165969,1.0
166015,1.0
166024,1.0
166291,1.0
166528,1.0
166534,1.0
166568,1.0
166643,1.0
166705,1.0
166946,1.0
167064,1.0
167296,1.0
167370,1.0
167380,1.0
167538,1.0
167570,1.0
167706,1.0
167732,1.0
167790,1.0
168026,1.0
168090,1.0
168218,1.0
168248,1.0
168250,1.0
168252,1.0
168254,1.0
168266,1.0
168326,1.0
168350,1.0
168358,1.0
168456,1.0
168492,1.0
168608,1.0
168612,1.0
168712,1.0
169034,1.0
169180,1.0
169670,1.0
169904,1.0
169958,1.0
169982,1.0
169984,1.0
169992,1.0
170289,1.0
170297,1.0
170355,1.0
170399,1.0
170401,1.0
170597,1.0
170697,1.0
170827,1.0
170875,1.0
170907,1.0
170945,1.0
170993,1.0
171011,1.0
171023,1.0
171251,1.0
171495,1.0
171631,1.0
171701,1.0
171749,1.0
171759,1.0
171763,1.0
171867,1.0
171891,1.0
171917,1.0
172013,1.0
172229,1.0
172233,1.0
172461,1.0
172497,1.0
172583,1.0
172587,1.0
172589,1.0
172591,1.0
172637,1.0
172705,1.0
172875,1.0
172881,1.0
172887,1.0
172909,1.0
173197,1.0
173209,1.0
173235,1.0
173291,1.0
173307,1.0
173317,1.0
173355,1.0
173535,1.0
173619,1.0
173751,1.0
173925,1.0
173941,1.0
174053,1.0
174055,1.0
174141,1.0
174403,1.0
174479,1.0
174727,1.0
175197,1.0
175199,1.0
175293,1.0
175303,1.0
175397,1.0
175401,1.0
175435,1.0
175485,1.0
175569,1.0
175585,1.0
175693,1.0
175707,1.0
176051,1.0
176101,1.0
176371,1.0
176413,1.0
176415,1.0
176419,1.0
176423,1.0
176579,1.0
176601,1.0
176621,1.0
176751,1.0
176805,1.0
177285,1.0
177593,1.0
177763,1.0
178061,1.0
178111,1.0
178129,1.0
178323,1.0
178615,1.0
179053,1.0
179133,1.0
179135,1.0
179401,1.0
179709,1.0
179813,1.0
179815,1.0
179817,1.0
179819,1.0
180031,1.0
180045,1.0
180095,1.0
180231,1.0
180263,1.0
180265,1.0
180297,1.0
180497,1.0
180777,1.0
180985,1.0
181315,1.0
181413,1.0
181719,1.0
182639,1.0
182715,1.0
182727,1.0
182793,1.0
182823,1.0
183011,1.0
183199,1.0
183295,1.0
183301,1.0
183317,1.0
183611,1.0
183635,1.0
184053,1.0
184245,1.0
184253,1.0
184257,1.0
184349,1.0
184471,1.0
184641,1.0
184721,1.0
184931,1.0
184997,1.0
185029,1.0
185031,1.0
185033,1.0
185135,1.0
185585,1.0
186587,1.0
187031,1.0
187541,1.0
187593,1.0
187595,1.0
187717,1.0
188301,1.0
188675,1.0
188751,1.0
189043,1.0
189111,1.0
189333,1.0
189381,1.0
189547,1.0
189713,1.0
190183,1.0
190207,1.0
190213,1.0
190215,1.0
190219,1.0
190221,1.0
191005,1.0
193565,1.0
193567,1.0
193571,1.0
193573,1.0
193579,1.0
193585,1.0
